created_at;favorite_count;full_text;id_str;image_url;in_reply_to_screen_name;lang;location;quote_count;reply_count;retweet_count;tweet_url;user_id_str;username
Fri Apr 18 03:00:17 +0000 2025;17485;Presiden China Xi Jinping dan Perdana Menteri Malaysia Anwar Ibrahim menyatakan penolakan mereka terhadap gagasan untuk merelokasi warga Gaza Palestina yang saat ini berada di bawah tekanan serangan Israel. Kedua pemimpin negara itu membuat pengumuman pada Kamis dalam sebuah https://t.co/eWCS7bxdlb;1,91E+18;https://pbs.twimg.com/media/GoySfmwW4AAIOeA.jpg;;in;;1018;774;4981;https://x.com/VIVAcoid/status/1913065016699290077;41730943;VIVAcoid
Fri Apr 18 16:42:14 +0000 2025;4756; Takkan pernah sekali pun kami ingin meninggalkan Gaza kami dibesarkan di disini dan di sini pulalah kami akan mati. Ini Mohammad Al-Muqayed istri dan ketiga anaknya syahid akibat pengeboman Israel di Jabalia hari ini!! https://t.co/g1A32u3Cqi;1,91E+18;https://pbs.twimg.com/amplify_video_thumb/1913271142988775424/img/BtY-N96Z0gW_I8OP.jpg;;in;Jakarta, Indonesia;42;79;2600;https://x.com/erlanishere/status/1913271865692532857;69561307;erlanishere
Mon Apr 14 09:02:31 +0000 2025;6291; *UPDATE TARGET BOIKOT BDS* üáµüá∏üáÆüá© _Per 14 April 2025_ ‚ÄºÔ∏èSudah +50.000 korban rakyat Gaza yang dibunuh Zionis Israel. Buat kamu yang tergerak untuk membantu mereka boikot adalah cara berjuang juga! Gerakan Boikot Divestasi dan Sanksi (BDS) sedunia sudah mengumumkan daftar https://t.co/YXXao7zS4W;1,91E+18;https://pbs.twimg.com/media/Goe_CoyWQAEazbf.jpg;;in;;216;60;6042;https://x.com/GerakanBDS_ID/status/1911706621816017202;1,51E+18;GerakanBDS_ID
Fri Apr 18 10:59:21 +0000 2025;2612;Kekejaman sipil dan tentara Israel terhadap warga Palestina itu nyata adanya. Sering kali para settler alias sipil Israel penjarah rumah warga Palestina memakai senapan serbu dinasnya untuk mengancam dan mengusir warga Palestina dari rumahnya dilindungi tentara berseragam. https://t.co/8AaPJdq2MZ;1,91E+18;https://pbs.twimg.com/ext_tw_video_thumb/1913185282402447360/pu/img/aF4epHdtcUEmL4OM.jpg;;in;DKI Jakarta, Indonesia;41;80;1172;https://x.com/RWWReborn/status/1913185576049951151;1,82E+18;RWWReborn
Fri Apr 18 12:03:12 +0000 2025;4823;Tadi siang Zionis biadab melakukan penyerangan di Tal Al Zatar Gaza Utara. 10 warga syahid. Jangan kita diam! Teruslah kita bersuara lantang menentang kejahatan Israel! https://t.co/PhuNxgF23P;1,91E+18;https://pbs.twimg.com/amplify_video_thumb/1913201361929601024/img/YUDXzUhvglPmYrw3.jpg;;in;Jakarta, Indonesia;10;64;3309;https://x.com/erlanishere/status/1913201644445307295;69561307;erlanishere
Fri Apr 11 23:59:50 +0000 2025;1209;Kami adalah anak2 Palestina yg Mulia kami mencintai Palestina atas nama semua orang yang telah menjualnya. Darahku adalah Darah Palestina üáµüá∏ Usir israel yg adalah penjajah &amp;;;;;;;;;;;
Sat Apr 12 11:57:59 +0000 2025;6708;Prabowo sayang bgt sm netanyahu dan israel saking sayangnya sampe bantuin ngosongin gaza gk tau ini ada hubungannya sm negosiasi sama trump perihal tarif impor 32% tapi ini dzalim bgt! https://t.co/5t6SnWKCTQ;1,91E+18;https://pbs.twimg.com/media/GoVUAkmWkAArFK_.jpg;;in;Underground Pleasure;47;46;2565;https://x.com/pasifisstate/status/1911026006447763922;1,54E+18;pasifisstate
Sun Apr 13 00:50:44 +0000 2025;3903;MIRIS !! PALESTINA ADALAH SATU¬≤ NYA NEGARA YG MENGAKUI KEMERDEKAAN INDONESIA TAHUN 1945 SEMENTARA DI INDONESIA BANYAK SEKALI ORANG¬≤ YG PRO ISRAEL MENDUKUNG GENOSIDA DI GAZA !! RESPECT DGN PERANCIS SAAT MEMPERLIHATKAN GAMBAR ANAK¬≤ GAZA KORBAN KEKEJAMAN ZIONIST !! https://t.co/SDxdYC3XDa;1,91E+18;https://pbs.twimg.com/amplify_video_thumb/1911218146704269312/img/dVQaKIMyG6VkKxNa.jpg;;in;127.0.0.1;10;22;1661;https://x.com/21_mozza/status/1911220473071018306;1,66E+18;21_mozza
Sat Apr 12 16:20:01 +0000 2025;30118;Prabowo mindahin 1000 palestinian ke indo artinya sejalan sama rencana Israel yang mau palestine pergi dari tanahnya sendiri. memilih 02 berarti mendukung prabowo dan segala kebijakan dan visi misinya in conclusion 02 voter = support israel.;1,91E+18;;;in;Yogyakarta, Indonesia;504;123;11605;https://x.com/yourdickshaker/status/1911091948036960758;1,56E+18;yourdickshaker
Fri Apr 11 22:42:38 +0000 2025;10635;China Saja Meyakini Dan Mengakui Gaza Milik Rakyat Palestina Kok Bisa Bisanya Yahudi Pesek Di Indonesia Mati Matian Membela zionis israel LAKNATULLAH #FreePalestine https://t.co/yfNzrOVT4y;1,91E+18;https://pbs.twimg.com/ext_tw_video_thumb/1910825791166046209/pu/img/fxfazkGP1lZbPhdl.jpg;;in;;45;58;3560;https://x.com/ABjodohComeback/status/1910825848258875399;1,72E+18;ABjodohComeback
Sun Apr 13 10:00:25 +0000 2025;1067;Umat Kristen Gaza merayakan Minggu Palma di Gereja Santo Porphyrius meski ada serangan udara Israel. Gereja abad ke-5 ini adalah salah satu situs Gereja tertua yang ada di Gaza. https://t.co/ZRh9RO2467;1,91E+18;https://pbs.twimg.com/ext_tw_video_thumb/1911358773341413377/pu/img/r0xucqS2S9AUOpUi.jpg;;in;Yerusalem;14;21;329;https://x.com/kresbung/status/1911358806354956572;1,06E+18;kresbung
Wed Apr 16 09:47:37 +0000 2025;37094;FIX YA INDONESIA JADI KAKI TANGAN GENOSIDA ISRAEL TERHADAP PALESTINA. BUKANNYA BANTU NGASIH SENJATA KEK BUAT MELAWAN MALAH RELOKASI WARGANYA! TOLOL! https://t.co/8L5fUqIBG2;1,91E+18;https://pbs.twimg.com/media/Gopciz0W8AAxD6r.jpg;;in;Mars;3386;1152;10048;https://x.com/dawgfromdahood/status/1912442747614896600;250137365;dawgfromdahood
Sun Apr 13 13:35:33 +0000 2025;39554;Dari awal bilang Gaza lemah gara2 gapunya militer aja udh tone deaf. Eh skrg sok jd pahlawan mau evakuasi warga gaza ke indo. Kocak itumah elu mau bantu israel ngusir warga palestina jir.;1,91E+18;;;in;INTJ;274;124;14173;https://x.com/nozelism/status/1911412945239552443;1,65E+18;nozelism
Sun Apr 13 05:59:46 +0000 2025;9600; In a pilot program promoted by Israel ? Heh? Beritanya udah dihapus dari portalnya. Kenapa? https://t.co/0BnmKXoonG;1,91E+18;https://pbs.twimg.com/media/GoZLNPsXAAARugF.jpg;;in;Michuhol-gu, Republic of Korea;279;117;3261;https://x.com/ardisatriawan/status/1911298244115832984;170542374;ardisatriawan
Fri Apr 11 05:09:54 +0000 2025;18106;Kalau elu diomongin positif sama media Israel berarti elu kemakan umpan zionis. https://t.co/mEQMrI6XcB;1,91E+18;https://pbs.twimg.com/media/GoOs6r3bYAIISL6.jpg;;in;Michuhol-gu, Republic of Korea;426;289;6594;https://x.com/ardisatriawan/status/1910560921396650307;170542374;ardisatriawan
Sat Apr 12 15:09:10 +0000 2025;4575;Ada 3 kaum(negara) yang buta sejarah. India indonesia dan israel.;1,91E+18;;;in;Chiang Mai, Thailand;27;45;1574;https://x.com/imqtsu/status/1911074119527088522;488081623;imqtsu
Sun Apr 13 03:48:04 +0000 2025;12;Kesaksian para tahanan atas kekejaman dan penyiksaan yang mereka alami selama berada di penjara Israel. Termasuk Ahmed Manasra yang di tahan ketika beliau masih berusia 13 tahun dan menghabiskan 10 tahun penjara dengan berbagai penyiksaan yang di alaminya... Fuck israel https://t.co/p8VnOCH96V;1,91E+18;https://pbs.twimg.com/ext_tw_video_thumb/1911264981485535232/pu/img/kv7bUOrDieNaREkW.jpg;;in;Jakarta;1;1;13;https://x.com/singapalestine_/status/1911265100381708631;2437093152;singapalestine_
Fri Apr 11 23:14:18 +0000 2025;2186;Anak-anak di Palestina Sekarat karena Kehausan. Israel telah mengebom salah satu pabrik desalinasi air yang masih beroperasi di Gaza yang memasok air minum bersih ke wilayah tersebut https://t.co/FEz9fSiLKK;1,91E+18;https://pbs.twimg.com/amplify_video_thumb/1910598863267721216/img/Y1DCGq2OOZXX0utL.jpg;;in;Bandung, Jawa Barat;9;15;1763;https://x.com/dina_sulaeman/status/1910833818908373101;1,49E+18;dina_sulaeman
Fri Apr 18 03:45:05 +0000 2025;926;Selama bertahun-tahun isu Palestina dianggap angin lalu oleh negara-negara Arab. Ini dibuktikan oleh perjanjian-perjanjian dengan negara Barat dan Israel yang diteken oleh mereka. Apa saja perjanjian itu? | Narasi Daily https://t.co/vDCvlgjOI8;1,91E+18;https://pbs.twimg.com/media/GoycvZ6bsAAI_hq.jpg;;in;;18;24;371;https://x.com/NarasiNewsroom/status/1913076288350491026;1,16E+18;NarasiNewsroom
Mon Apr 14 13:37:47 +0000 2025;4740;Gadis Palestina 11 thn ini menjadi Jurnalis utk membuktikan pada dunia &amp;;;;;;;;;;;
Thu Apr 17 12:59:58 +0000 2025;942;Seorang kanak-kanak Palestin kelainan upaya Ahmed Abu Al-Rous rentung dibakar hidup-hidup malam tadi selepas pesawat perang Israel mengebom khemah-khemah pelarian di kawasan Al-Mawasi Khan Younis Gaza. https://t.co/XW6EoDloyy;1,91E+18;https://pbs.twimg.com/media/GovSJ4kacAAxdvV.jpg;;in;;7;3;1418;https://x.com/numanmazlan/status/1912853542412701841;250066452;numanmazlan
Fri Apr 11 02:40:06 +0000 2025;2477;Aktivis Greenpeace melakukan aksi protes dengan menuangkan 300 liter pewarna merah darah ke dalam kolam kedutaan Amerika Serikat di London untuk menyoroti genosida dan penghancuran yang terjadi di Gaza sebagai akibat langsung dari penjualan senjata AS ke Israel. https://t.co/ubJGxzt6iZ;1,91E+18;https://pbs.twimg.com/amplify_video_thumb/1910522924244885504/img/XLGGiB7IWHnmS62S.jpg;;in;Indonesia;18;21;987;https://x.com/GreenpeaceID/status/1910523221348409757;43074696;GreenpeaceID
Fri Apr 18 03:10:06 +0000 2025;164;Fatima Hassouna jurnalis foto asal Gaza Palestina tewas brsma 9 anggota keluarganya akibat serangan udara Israel Serangan tjd 24 jam stlh film doku 'PUT YOUR SOUL ON YOUR HAND AND WALK' yg mnceritakn kisah Fatima sbg jurnalis diumumkn trpilih utk festival film Cannes https://t.co/ooGG6ETQGc;1,91E+18;https://pbs.twimg.com/media/GoyUvTBaYAAM9Sq.jpg;;in;Indonesia;2;1;64;https://x.com/DCcomicsID/status/1913067484510622075;1,13E+18;DCcomicsID
Sat Apr 19 09:19:58 +0000 2025;7;Israel menyerang umat Kristen Palestina pada Minggu Palma Good Friday #HappyEaster https://t.co/RqYPztvdDn;1,91E+18;https://pbs.twimg.com/ext_tw_video_thumb/1246461844539281410/pu/img/aT8SXaPaqdIoaqx0.jpg;;in; 7 Margaret ‚úùÔ∏èü§ù‚ò™Ô∏è;0;0;4;https://x.com/uniqueofm3/status/1913522952274157896;1,13E+18;uniqueofm3
Thu Apr 17 03:36:51 +0000 2025;4669;Mereka dibakar hingga mati. 10 orang syahid dalam pembunuhan beramai-ramai yang mengerikan dengan pengeboman khemah-khemah pelarian oleh pengganas Israel di kawasan Al-Mawasi barat Khan Yunis. https://t.co/h0jjyeoDmJ;1,91E+18;https://pbs.twimg.com/ext_tw_video_thumb/1912711796882042884/pu/img/p6LA85mqkTlbsxdR.jpg;;in;;25;9;6638;https://x.com/numanmazlan/status/1912711830675271843;250066452;numanmazlan
Sun May 19 17:01:58 +0000 2024;362;Negara mana yang paling banyak berdonasi ke orang Palestina? Amerika Serikat Negara mana yang paling banyak terima bantuan militer dari Amerika Serikat? Israel Silakan berdonasi tapi itu tidak pernah cukup mencuci dosa dukungan militer yang terus mengalir. https://t.co/rEYRJJARw3;1,79E+18;https://pbs.twimg.com/media/GN9QIi-bgAA_eiT.png;;in;Jakarta Capital Region;6;0;184;https://x.com/shallypristine/status/1792239287074984404;92804304;shallypristine
Mon Apr 14 16:11:01 +0000 2025;41855;Sudah kubilang Kristen yang masih membela Israel sudah kehilangan Yesus di dalam hatinya. Heran juga. Masih banyak yang terjebak tanah terjanji sebagai alasan mendukung penjajahan Israel. Kerajaan Surga tidak hadir dengan penjajahan! Siapa yang kalian imani? Netanyahu?!;1,91E+18;;;in;Sunset di tanah monarki;333;519;10754;https://x.com/prabu_yudianto/status/1911814459884200197;8,12E+17;prabu_yudianto
Sat Apr 12 09:43:02 +0000 2025;4142;Mantan intelegen AS memprotes aksi biadap israel dan keterlibatan negaranya. terus suarakan palestina suara kita sangat penting untuk melabrak mereka yang bungkam dengan Genoside di Gaza https://t.co/EdBzoEgIJh;1,91E+18;https://pbs.twimg.com/ext_tw_video_thumb/1910991988721102848/pu/img/etgVlatmsnkhQCFO.jpg;;in;;12;221;1536;https://x.com/dakwapedia/status/1910992045105402188;1,58E+18;dakwapedia
Sat Apr 12 21:12:40 +0000 2025;2082;NEWS UPDATE ABOUT #GAZA üáµüá∏ ISRAEL ZIONIST KEMBALI MENYERBU MESJID AL-AQSHA SEMENTARA JEMA'AT SEDANG MELAKUKAN SHOLAT DENGAN PELURU KARET DAN MEMUKULI PARA JEMAAT !! KEKEJIAN ISRAEL TERRORIST INI MENGAKIBATKAN RATUSAN ORANG TERLUKA DAN MENANGKAP RATUSAN WARGA !! https://t.co/voevIPhOtg;1,91E+18;https://pbs.twimg.com/amplify_video_thumb/1911163800654364672/img/l3k2v2ycXcV1hIEu.jpg;;in;127.0.0.1;30;34;1859;https://x.com/21_mozza/status/1911165597037301919;1,66E+18;21_mozza
Tue Apr 15 23:51:53 +0000 2025;8;Pada hari ke-555 genosida Israel di gaza seorang gadis kecil menunjukkan solidaritasnya kepada rakyat Gaza Palestina dengan menunjukkan tulisan tangannya untuk menginformasikan tentang kekejaman teroris israel terhadap Palestina dan negara lain. #FreePalestineFromZionists https://t.co/ceOjIbaJ6V;1,91E+18;https://pbs.twimg.com/ext_tw_video_thumb/1912292725002514432/pu/img/vJJ1j_31kG3BSTZT.jpg;;in;proling;0;0;6;https://x.com/laskar162955/status/1912292828748841103;1,75E+18;laskar162955
Wed Apr 16 05:11:52 +0000 2025;7;Guys aku butuh bantuan dan partisipasi kalian untuk penelitianku tesisku! Studinya tentang boikot dan kriterianya hanya: 1) WNI;;;;;;;;;;;
Sun Apr 13 07:26:26 +0000 2025;778;@RadioElshinta Nih salah satu pelaku Jakarta keren untuk gadun FM https://t.co/uUmTUCAUig;1,91E+18;https://pbs.twimg.com/media/GoZfdCXWcAA6FLz.jpg;RadioElshinta;in;;115;60;149;https://x.com/IsraelKanjut/status/1911320057126466001;1,21E+18;IsraelKanjut
Wed Apr 16 21:00:29 +0000 2025;4656;Turis Israel kembali bertingkah di Thailand dan dihajar habis-habisan oleh penduduk setempat. Mampus!! https://t.co/Wt6ixcgNr5;1,91E+18;https://pbs.twimg.com/ext_tw_video_thumb/1912611947541065729/pu/img/qbkCrIiUZU3g09kQ.jpg;;in;;58;250;795;https://x.com/MasBRO_back/status/1912612080957682115;1,73E+18;MasBRO_back
Fri Apr 11 04:13:44 +0000 2025;31902;Pas interview sama para pimred ada satu momen di mana Prabowo nyebutin pencapaian presiden2 pendahulunya. Begitu nyampe di Gus Dur anehnya out of all of Gus Dur's achievements yang dipuji malah tindakan Gus Dur pengen bangun diplomasi sama Israel. Very telling.;1,91E+18;;;in;;275;98;6861;https://x.com/footycinephile/status/1910546785061466309;194930736;footycinephile
Fri Apr 18 05:04:36 +0000 2025;132; Selama kemerdekaan bangsa Palestina belum diserahkan kepada orang-orang Palestina sendiri maka selama itulah bangsa Indonesia berdiri menentang penjajahan Israel. (Bung Karno) üáÆüá©üáµüá∏ https://t.co/kUe8Qqs7vP;1,91E+18;https://pbs.twimg.com/ext_tw_video_thumb/1913096027999199232/pu/img/3SkwPZGcdMH7El0j.jpg;;in;;19;94;66;https://x.com/puanmaharani_ri/status/1913096300691878061;1,41E+18;puanmaharani_ri
Sat Apr 19 04:18:29 +0000 2025;240; Kami tidak akan pernah habis;;;;;;;;;;;
Sun Apr 13 11:40:42 +0000 2025;725;Seorang isteri merintih di hadapan suaminya yang gugur bersama 4 beradiknya dalam serangan udara Israel di Deir Al Balah Tengah Gaza Beliau merintih agar suaminya membawa dirinya bersama ke Alam Barzakh https://t.co/RIlmQtEcdj;1,91E+18;https://pbs.twimg.com/ext_tw_video_thumb/1911383981267791872/pu/img/bJMq_906MrE-JC4q.jpg;;in;;1;6;570;https://x.com/Marchfoward/status/1911384044291477765;2194068895;Marchfoward
Fri Apr 11 03:49:12 +0000 2025;42860;Majelis Ulama Indonesia urges Prabowo Subianto to scrap his plan to relocate 1 000 Palestinian refugees from Gaza Tempo reports. Pertanyaannya untuk apa Indonesia ikut-ikutan mendukung rencana Israel dan Amerika tersebut? https://t.co/RXe674lTFo;1,91E+18;https://pbs.twimg.com/media/GoOaj01bYAMUtOl.jpg;;in;;2735;782;10813;https://x.com/IndoPopBase/status/1910540612245545233;1,39E+18;IndoPopBase
Thu Apr 17 11:39:53 +0000 2025;12477;Gak usah jauh-jauh waktu saudara SMP bang. Masih inget kok gimana akrobat mental orang-orang sini pas beberapa tokoh Indonesia menolak atlit sepak bola U-20 asal Israel buat main di Indonesia dibilang lebay padahal our founding father kita sebagai bangsa berkata seperti ini: https://t.co/PUtxb6moJ5;1,91E+18;https://pbs.twimg.com/media/Gou_1KYbkAA9lFr.jpg;;in;18;82;67;3264;https://x.com/putridwishsw/status/1912833390078017661;1,48E+18;putridwishsw
Tue Apr 15 22:02:28 +0000 2025;296;Burger King menjadi target boikot organik @BDSmovement karena terbukti complicit terhadap kejahatan Israel di Gaza dan juga West Bank Occupied Palestinian Territory (OPT). Pahami mengapa Burger King masuk ke dalam daftar boikot BDS agar gerakan boikot makin greget. https://t.co/18XinlWtLC;1,91E+18;https://pbs.twimg.com/media/Gom7InjXUAE7xqF.jpg;;in;Istanbul, Turkey;2;2;183;https://x.com/herricahyadi/status/1912265291717046467;150123967;herricahyadi
Sat Apr 19 09:40:52 +0000 2025;9;Kota Khan Yunis mengalami serangan rudal zionis israel semalam di mana lebih dari 20 orang sebagian besar adalah anak-anak terlukaüáµüá∏ https://t.co/eahKADEgfE;1,91E+18;https://pbs.twimg.com/ext_tw_video_thumb/1913528166913884160/pu/img/7BuMLCWP-cvpD-t5.jpg;;in;;0;0;10;https://x.com/_Aira922/status/1913528212069703795;1,87E+18;_Aira922
Sat Apr 19 09:29:19 +0000 2025;5;Menarik banget ketika dia bilang China sudah ada 5000 tahun lalu dan terus survive. Benar¬≤ bangsa yang sadar akan sejarahnya sendiri. Sedangkan Amerika berdirinya udah kayak Israel. Orang dari antah berantah tau¬≤ menggeser populasi native american dan bikin negara;1,91E+18;;;in;;0;0;4;https://x.com/namazu_sensei/status/1913525306255921651;1,41E+18;namazu_sensei
Mon Apr 14 22:31:12 +0000 2025;3122;Ya Allah hantarkan tentera pemusnah-Mu untuk menghapuskan Zionis Israel di bumi Palestin.;1,91E+18;;;in;;3;13;2111;https://x.com/numanmazlan/status/1911910136966529196;250066452;numanmazlan
Mon Apr 14 21:17:42 +0000 2025;14;ramalan 2025 : &gt;;;;;;;;;;;
Sat Apr 19 11:37:53 +0000 2025;4;Aktivis hak asasi manusia telah membuat video buatan AI untuk menyoroti pentingnya boikot perusahaan internasional yang terlibat dalam genosida Israel terhadap warga Palestina untuk menghentikan pertumpahan darah.~ https://t.co/dCCNKA54SG;1,91E+18;https://pbs.twimg.com/ext_tw_video_thumb/1913557633753399296/pu/img/bFI2Bj7dNz2tJgxO.jpg;;in;;0;0;3;https://x.com/Boediantar4/status/1913557661528015310;1,38E+18;Boediantar4
Mon Apr 14 22:34:54 +0000 2025;59;Timeline dah kembali penuh dengan update dari Gaza tapi itu la aku pula yang berubah jadi tak sanggup tengok.. Moga Allah hancurkan israel laknatullah.;1,91E+18;;;in;Malaysia;0;0;18;https://x.com/kusyuk/status/1911911067460206855;92709281;kusyuk
Mon Apr 14 14:26:30 +0000 2025;974;Seruan IB HRS dan ulama seluruh dunia untuk memboycott product yang membantu israel https://t.co/cvgcQaW1Os;1,91E+18;https://pbs.twimg.com/ext_tw_video_thumb/1911788109328429056/pu/img/VvLZ-9J9rA7naWdI.jpg;;in;;0;11;299;https://x.com/_Aira922/status/1911788156732715243;1,87E+18;_Aira922
Fri Mar 15 18:57:35 +0000 2024;10917; Kemenhan: menterinya disebut-sebut bekerja sama dengan ahli agrikultur dari Israel Kemenag: pejabatnya bilang boikot produk Israel jangan digeneralisir Kemenperin: kurangi boikot produk pro Israel Lama-lama tinggal Kemlu doang nih yang belain Palestina ;1,77E+18;;;in;Jakarta Capital Region;257;78;4855;https://x.com/shallypristine/status/1768713169495892272;92804304;shallypristine
Fri Apr 18 10:59:41 +0000 2025;139;Bayangkan jika ada warga sipil Palestina yang menenteng senapan serbu di tempat umum dan terbuka seperti ini pasti akan langsung ditembak di tempat oleh tentara Israel.. namun Israel memperbolehkan warga sipil mereka membawa dan pakai senapannya untuk menindas sipil Palestina. https://t.co/ZqjCgj3Jvx;1,91E+18;https://pbs.twimg.com/media/Go0AJ6KbkAAiYZe.jpg;RWWReborn;in;DKI Jakarta, Indonesia;1;5;32;https://x.com/RWWReborn/status/1913185663027122646;1,82E+18;RWWReborn
Fri Apr 18 04:44:41 +0000 2025;12;Seorang penduduk Gaza menangis kesedihan dan berkata: Setiap serangan terkena kanak2 setiap letupan seolah-olah memang ditujukan kepada kanak-kanak menunjukkan bahawa semakin ramai kanak-kanak menjadi mangsa dalam serangan Israel yang berterusan di Gaza. #TerkiniPalestin https://t.co/CfMbOtdbhI;1,91E+18;https://pbs.twimg.com/ext_tw_video_thumb/1913091254742880256/pu/img/JWkcYEWuAPDIU0XZ.jpg;;in;Kuala Lumpur Federal Territory;0;0;12;https://x.com/BDS_Malaysia/status/1913091289740165400;1,15E+18;BDS_Malaysia
Thu Apr 17 13:41:52 +0000 2025;311;TERKINI Pejabat PBB Untuk Koordinasi Hal Ehwal Kemanusiaan OCHA memaklumkan kini 500 000 rakyat Palestin kini tiada tempat tinggal akibat serangan Israel sejak 18 Mac 2025 https://t.co/z5tQAD6tAV;1,91E+18;https://pbs.twimg.com/media/GovbwHra4AA8hCz.jpg;;in;;1;1;446;https://x.com/Marchfoward/status/1912864088734240902;2194068895;Marchfoward
Wed Apr 09 05:35:36 +0000 2025;508;Sedih geram ngeri melihat video2 pembantaian rakyat Palestina oleh Zionis Israel. Ya Allah perlihatkan pada kami kehancuran Zionis Israel. Berilah pertolongan pada saudara2 kami di Palestina.;1,91E+18;;;in;Yogyakarta, Indonesia;1;12;197;https://x.com/AmrullahAK/status/1909842612909228538;70597320;AmrullahAK
Mon Apr 14 15:10:04 +0000 2025;1559;@AymanAlatas iya tau gw katolik (which is also kristen) berpihak pada kemanusiaan (sejalan dgn pope francis). ga ada ceritanya gereja katolik bela israel Kami juga hampir tiap minggu di gereja mendoakan utk perdamaian dunia. Tolong perbaiki persepsinya ga;1,91E+18;;AymanAlatas;in;;8;27;153;https://x.com/EdogawaHikari/status/1911799122098831515;1,17E+18;EdogawaHikari
Sat Apr 12 13:14:54 +0000 2025;194;Wakil MUI Buya Anwar Abbas : Pemerintah Israel akan senang jika rakyat gaza keluar dari Gaza karena mereka memang berniat mengusir rakyat gaza Pak @prabowo mengatakan bahwa rakyat palestina dievakuasi ke Indonesia bersifat sementara sampai suasana di gaza kembali pulih dan https://t.co/mm4wVEadMo;1,91E+18;https://pbs.twimg.com/amplify_video_thumb/1911045078795071488/img/gfsoOPdL88MGMKbf.jpg;;in;Jakarta Capital Region;10;18;111;https://x.com/DrEvaChaniago/status/1911045360468021266;1355632532;DrEvaChaniago
Sun Apr 13 11:36:58 +0000 2025;571;Rakyat Gaza termasuk kanak kanak kini melarikan diri menuju ke tempat yang mereka rasa selamat selepas Israel kini menguasai satu per lima Gaza https://t.co/KhTU9Ijsml;1,91E+18;https://pbs.twimg.com/ext_tw_video_thumb/1911383058386673664/pu/img/BCZLPXJRyOmbDPd6.jpg;;in;;3;8;727;https://x.com/Marchfoward/status/1911383104079405388;2194068895;Marchfoward
Wed Apr 16 06:33:10 +0000 2025;3649;Di saat seluruh dunia lagi boikot Israel secara akademik pejabat di Indonesia malah nyuruh belajar ke Israel. Hadeeeeh https://t.co/fTBuBwWfU2;1,91E+18;https://pbs.twimg.com/amplify_video_thumb/1912393486415912961/img/RxtXv3pZR42Il62k.jpg;;in;Jakarta, Indonesia;164;415;1570;https://x.com/erlanishere/status/1912393813651599557;69561307;erlanishere
Fri Apr 18 08:59:54 +0000 2025;64;udah mau ngedukung gerakannya israel aja tarifnya masih dinaikin lagi lol please lick his ass more u dumb fatso;1,91E+18;;;in;Canada;0;0;25;https://x.com/cucunyasoekiman/status/1913155514806226967;7,45E+17;cucunyasoekiman
Fri Apr 18 00:41:49 +0000 2025;15;Janin yang belum lahir pun tidak selamat dari serangan Israel di tenda-tenda pengungsian di Jalur Gaza selatan. Serangan itu merobek rahim sang ibu membunuhnya dan janinnya yang baru berusia empat bulan. @QudsNen @sahabatalaqsha https://t.co/xQvbV8UOb1;1,91E+18;https://pbs.twimg.com/media/GoxyzBIaEAA1fLK.jpg;;in;Yogyakarta, Indonesia;2;0;61;https://x.com/sahabatalaqsha/status/1913030168333230437;57783490;sahabatalaqsha
Mon Apr 14 09:27:06 +0000 2025;1524;SD IT Al-Khansa Aceh memperkenalkan produk2 pro israel yang di Boikot kpd murid2nya Ô∏è Semoga Boikot terus Berlanjut &amp;;;;;;;;;;;
Sun Apr 13 13:17:36 +0000 2025;4;Buku ini tidak hanya mengisahkan tragedi pribadi tetapi juga menyoroti ketimpangan antara warga Palestina dan pemukim Israel serta bagaimana sistem pendudukan mempersulit kehidupan sehari-hari. https://t.co/wpDNkujwem;1,91E+18;https://pbs.twimg.com/media/Goav1bfXoAEQHen.jpg;;in;Bekasi, Indonesia;0;1;0;https://x.com/kedaiboekoe/status/1911408427969937539;2907641923;kedaiboekoe
Thu Apr 17 03:52:11 +0000 2025;3; Sedikitnya 10 orang syahid gugur akibat serangan drone oleh pasukan pendudukan Israel (IOF) yang menargetkan tenda pengungsi di barat laut kawasan Mawasi Khan Younis Jalur Gaza bagian selatan. #FreePalestine | Gaza | Kamis https://t.co/qAEFWjyk4g;1,91E+18;https://pbs.twimg.com/media/GotUxPJaIAA0noD.jpg;;in;;0;1;1;https://x.com/dearakhirat/status/1912715688860610767;1,75E+18;dearakhirat
Wed Apr 16 03:19:41 +0000 2025;240;Dalam satu temu bual bersama Al Jazeera Arabic Ibrahim Abu Mahadi seorang bapa Palestin yang kehilangan enam anak lelakinya yang syahid akibat serangan Israel pada Ahad di Gaza berkata mereka tidak akan menyerahkan walau seinci pun tanah mereka walau apa pun tindakan Israel. https://t.co/mDvndSgwiN;1,91E+18;https://pbs.twimg.com/ext_tw_video_thumb/1912345090762174464/pu/img/7GAAN3Ia032PnwgW.jpg;;in;;1;1;165;https://x.com/numanmazlan/status/1912345123079483751;250066452;numanmazlan
Fri Apr 18 11:19:59 +0000 2025;6;Israel bakar hidup-hidup 6 anak Gaza dari keluarga Abu Al-Rouz dalam serangan udara dua hari yang lalu. Berikut wajah anak Gaza yang tak berdosa. https://t.co/0VcxRfNtME;1,91E+18;https://pbs.twimg.com/media/Go0E3PPbwAAgU5C.jpg;;in;Kuala Lumpur Federal Territory;0;0;7;https://x.com/BDS_Malaysia/status/1913190769604874742;1,15E+18;BDS_Malaysia
Thu Apr 10 22:27:20 +0000 2025;6677;@tempodotco Bukan masalah terima gak terima pengungsi bawa warga Gaza ke Indo itu berarti membantu Israel dan US mencapai tujuan occupying Gaza. Mempertahankan tanah Gaza itu udah perjuangan warga Gaza dari dulu kenapa malah mau dipindahin dari tanahnya?;1,91E+18;;tempodotco;in;Cakung DC;29;21;939;https://x.com/TJ_kreem/status/1910459610580037959;1,69E+18;TJ_kreem
Sat Apr 12 09:32:55 +0000 2025;923;TERKINI 500 kanak kanak Gaza sudah dibunuh Tentera Israel sejak gencatan senjata dilanggar pada 18 Mac 2025 sehingga kini maklum Pasukan Pertahanan Awam Gaza;1,91E+18;;;in;;2;0;1290;https://x.com/Marchfoward/status/1910989498571469121;2194068895;Marchfoward
Thu Apr 17 07:04:25 +0000 2025;2489;BDS sendiri sangat menentang evakuasi penduduk asli Palestina karena hal itu sama saja memuluskan rencana Zionis Israel dalam mengusir penduduk serta menguasai tanahnya tanpa ada kesempatan penduduk untuk kembali. Berikut ini adalah pandangan singkat BDS mengenai hal tersebut https://t.co/KlkSHliMA6;1,91E+18;https://pbs.twimg.com/media/GouAxw8acAE1abd.jpg;;in;;63;24;2122;https://x.com/GerakanBDS_ID/status/1912764066386571625;1,51E+18;GerakanBDS_ID
Fri Apr 18 09:51:27 +0000 2025;3;US Rusia China Israel Iran dll ketar ketir berhadapan dengan ini https://t.co/eRBGdMrKCg;1,91E+18;https://pbs.twimg.com/media/GozwmfWbgAA-fzL.jpg;;in;;0;0;0;https://x.com/radixhidayat/status/1913168488409301498;16296282;radixhidayat
Mon Apr 14 10:57:45 +0000 2025;6;Tepat satu tahun yang lalu Iran melakukan serangan rudal terbesar di dunia terhadap teroris zionis Israel https://t.co/a3PpgercQE;1,91E+18;https://pbs.twimg.com/ext_tw_video_thumb/1911735550068797440/pu/img/X2f95jBMaPdzkU07.jpg;;in;proling;1;0;2;https://x.com/laskar162955/status/1911735624270586365;1,75E+18;laskar162955
Sun Apr 13 08:00:01 +0000 2025;6;Selamat Paskah dari sahabat Israel. üáÆüá± https://t.co/dxZVCbh0wG;1,91E+18;https://pbs.twimg.com/media/GoZMxbYWIAAyHqz.jpg;;in;Berlin, Germany;0;1;3;https://x.com/Narasi_winda/status/1911328508812423402;1,51E+18;Narasi_winda
Sun Apr 13 17:52:07 +0000 2025;259;Aktivis hak asasi manusia meluncurkan video berbasis AI untuk menyerukan pentingnya boikot terhadap perusahaan-perusahaan internasional yang terlibat dalam genosida penjajah Israel terhadap rakyat Palestina guna menghentikan pertumpahan darah yang sedang berlangsung. https://t.co/cQ7bAEVBjr;1,91E+18;https://pbs.twimg.com/amplify_video_thumb/1911477418566541312/img/MUJNYon_akbQ0y0K.jpg;;in;Yogyakarta, Indonesia;2;3;238;https://x.com/sahabatalaqsha/status/1911477512426951044;57783490;sahabatalaqsha
Tue Apr 15 10:57:53 +0000 2025;3269;Propaganda dan narasi Zionis perlahan masuk. Untuk rekan-rekan jangan lupa baca Ten Myths About Israel karya Ilan Pappe membahas propaganda Israel lewat lobby distorsi sejarah dan lainnya.;1,91E+18;;;in;Indonesia;16;17;1922;https://x.com/logos_id/status/1912098042469134367;255021263;logos_id
Wed Apr 16 15:31:28 +0000 2025;3877;Pakcik2 masjid tu patut tgok ni. Ko asyik nk tanam anjing hidup2 pastu update group wasap taman. Yg lg sekor bangga buat operasi tembak anjing. Semayang tungin tebalik klau prngai cam israel xkmna gak;1,91E+18;;;in;Kuala Lumpur;39;81;1672;https://x.com/luluechah/status/1912529282838278599;3113471798;luluechah
Tue Apr 15 17:21:53 +0000 2025;509;Begini isi percakapan warga Palestina dan Israel https://t.co/PH8xEw2r0M;1,91E+18;https://pbs.twimg.com/ext_tw_video_thumb/1912194573633208320/pu/img/m-TOtJb7ZGiDuC05.jpg;;in;;5;5;207;https://x.com/blue_berets7/status/1912194680642760876;1,23E+18;blue_berets7
Mon Apr 14 11:53:02 +0000 2025;79;üá∫üá≤üá∑üá∫ Trump tidak pernah mengutuk serangan brutal teroris Israel terhadap warga Gaza tapi mengomentari serangan rudal Iskander Rusia yang menghantam sekumpulan personel militer Ukraina yang mengadakan acara seremonial di pusat kota Sumy kemarin. https://t.co/gUSag3a5jg;1,91E+18;https://pbs.twimg.com/ext_tw_video_thumb/1911749128570261504/pu/img/mw1sIFOi3MTt-hIM.jpg;;in;Moscow;0;4;33;https://x.com/yo2thok/status/1911749537267650869;497234852;yo2thok
Thu Apr 17 04:55:28 +0000 2025;2300;pelabuhan npct bikin lumpuh priuk dari malem tolong israel dan korea utara kalo cari kelinci percobaan rudal tolong dirudal ini npct goblok ngentot anjing bangsat tolol https://t.co/iUxYXE4Cf3;1,91E+18;https://pbs.twimg.com/amplify_video_thumb/1912730926293086208/img/pk5CHNR4VGeTEHAP.jpg;;in;DKI Jakarta, Indonesia;88;155;495;https://x.com/pepenidolamu/status/1912731616386203827;527104888;pepenidolamu
Sun Apr 13 12:39:20 +0000 2025;79;Ya Allah lindungilah masyarakat gaza gagalkanlah rencana prabowo untuk memindahkan masyarakat Gaza ke Indonesia dan cabutlah kekuasaan zionisme israel di tanah palestina.;1,91E+18;;;in;Perjalanan;0;0;35;https://x.com/barisantengahid/status/1911398797470540028;1,72E+18;barisantengahid
Fri Apr 18 02:08:43 +0000 2025;7;Ketika China dan Malaysia menolak tegas relokasi warga Gaza dari palestina Prabowo malah sebaliknya berencana evakuasi 1000 warga Gaza menolong warga Gaza itu baik tapi mengikuti Amerika dan Israel yang melakukan cleansing etnis itu lebih buruk !! https://t.co/UnnBKELaxo;1,91E+18;https://pbs.twimg.com/media/GoyGZ34acAAZzUs.jpg;;in;;1;3;2;https://x.com/165Hati/status/1913052038260466031;1,75E+18;165Hati
Thu Apr 17 22:35:55 +0000 2025;18;negara sekomunis cn aja blak blakan menyatakan bahwa gaza milik rakyat palestine dan menentang genosida yg dilakukan us dan israel utk memindahkan tuan rumah dari rumahnya. sdgkan indo? presidennya mala mendukung proposal genosida us dan israel secara terbuka. presiden kontol. https://t.co/mjieXQBdtt;1,91E+18;https://pbs.twimg.com/amplify_video_thumb/1912998416663359488/img/B0F6owpt4F6DVPRy.jpg;;in;she/her ‰∏≠/eng/idn ÏóëÏÜå Âë®ÁøäÁÑ∂ ÈáëÈçæ‰ªÅ;0;1;6;https://x.com/kinderrry/status/1912998487228293276;1,11E+18;kinderrry
Thu Apr 17 17:48:47 +0000 2025;15;Singakhale kape ndekuti madolo anzanga adandaula -@iamjeffNyimbo;1,91E+18;;;in;Malawi;1;0;5;https://x.com/Boi__izie/status/1912926227494478072;1,77E+18;Boi__izie
Sat Apr 19 09:28:17 +0000 2025;3;Seorang anak palestina menangis atas ayahnya tewas dalam serangan udara israel di Gaza. #StopGenocideƒ∞nGaza https://t.co/UJtQyOwIL0;1,91E+18;https://pbs.twimg.com/ext_tw_video_thumb/1913525009710268416/pu/img/f1SvAMDXsvXFlpTt.jpg;;in;bumi Allah hny singgah;0;0;1;https://x.com/blackrenge85717/status/1913525047496757368;1,84E+18;blackrenge85717
Wed Apr 16 11:30:51 +0000 2025;14;Setidaknya 51.000 warga Palestina dipastikan syahid sejak genosida Israel di Gaza dimulai. Banyak lainnya yang terkubur di bawah reruntuhan. Sejak Israel melanggar gencatan senjata (18 Maret 15 April 2025) setidaknya 1.630 orang syahid. https://t.co/zED1hU0Tk2;1,91E+18;https://pbs.twimg.com/media/Gop0K2gWoAArVkr.jpg;;in;Yogyakarta, Indonesia;0;1;16;https://x.com/sahabatalaqsha/status/1912468727695802402;57783490;sahabatalaqsha
Thu Apr 17 10:08:34 +0000 2025;1759;Saya dukung 1000000% ibu ini. Giliran bayi anak kecil orang tua dan warga gaza di bunuh israel laknatullah diam mulut kalian. #Fucknetanjahu #israelisshit https://t.co/GHXpFHbysA;1,91E+18;https://pbs.twimg.com/amplify_video_thumb/1912810347054161920/img/5xwS_ehGFTpdHt-9.jpg;;in;DKI Jakarta;8;57;545;https://x.com/UmarHasibuan__/status/1912810408911462861;312049767;UmarHasibuan__
Fri Apr 11 07:04:44 +0000 2025;17;Twakomekkerezza olusirika lw'Abakulembeze mu Buganda era obwanga butunuuliziddwa okwongera okukwata ku mbeera z'abavubuka mu Buganda kubanga bano gy'emirandira okulandira ekitiibwa kya Buganda kyetwogerako ekyava edda. #BugandaKuNtikko https://t.co/BzwKYsTOZb;1,91E+18;https://pbs.twimg.com/media/GoPHTpLX0AAVwxs.jpg;;in;;1;0;2;https://x.com/KazibweIsrael/status/1910589817479446975;1,70E+18;KazibweIsrael
Thu Apr 17 15:21:14 +0000 2025;1179;Biar aku kasih kata-kata hari ini mengapa kalian harus mengencangkan Gerakan BDS dan meluapkan emosi di semua front untuk kebiadaban Israel. Ingat-ingat hingga terwujud secara kaffah from the river to the sea Palestine will be free! üáµüá∏ https://t.co/fBKDlIAXc4;1,91E+18;https://pbs.twimg.com/media/GovyLBsbsAASSlW.jpg;;in;Kebayoran Lama, Jakarta;0;1;600;https://x.com/eyesofaquila/status/1912889094650446322;1,75E+18;eyesofaquila
Fri Apr 11 06:41:57 +0000 2025;6999;Rakyat Palestina ya harus tinggal di Palestina. Tanah mereka. Statemen begini malah menyepakati penjajahan yang dilakukan Israel gak solutif dan abai terhadap kemanusiaan. Bukannya pas pelantikan kemarin kalian ini pada teriak Free Palestine?;1,91E+18;;;in;;6;12;3708;https://x.com/fialamsyah/status/1910584085858443427;1687770055;fialamsyah
Thu Apr 17 11:37:20 +0000 2025;92;Mereka adalah anak-anak tak bersalah yang menjadi korban serangan Israel ke tenda-tenda pengungsi di daerah Al-Mawasi Khan Yunis Gaza selatan. Sedikitnya 23 warga Palestina syahid dalam serangan tersebut sebagian besar anak-anak dan lainnya terluka. https://t.co/i1kBSCsAN4;1,91E+18;https://pbs.twimg.com/amplify_video_thumb/1912832646973186048/img/R9OHnwSkcpq_Hoya.jpg;;in;Yogyakarta, Indonesia;3;3;165;https://x.com/sahabatalaqsha/status/1912832747154083898;57783490;sahabatalaqsha
Sun Apr 13 12:11:57 +0000 2025;159;Kelakuan orang-orang ini memang kadang ajaib. Mereka merusak kebahagiaan kita semua dgn nyambung-nyambungin film karya anak bangsa Jumbo dg sponsor afiliasi Israel ini-itu. Ujung-ujungnya dia ngajak donasi ‚ÄçÔ∏è https://t.co/rbn2svCZ0c;1,91E+18;https://pbs.twimg.com/media/GoagznPXIAAxcQT.jpg;;in;Istanbul, Turkey;1;10;45;https://x.com/herricahyadi/status/1911391908930158763;150123967;herricahyadi
Fri Apr 18 15:40:05 +0000 2025;10; Zionist you are not welcome. Di Indonesia masih aja ada yg berusaha memecah belah sesama pendukung perjuangan Palestina. Yg dibutuhkan skr adalah bersatunya ummat Islam melawan Zionis Israel. https://t.co/1T8BVb6y4r;1,91E+18;https://pbs.twimg.com/media/Go1AZK1aIAAgXY_.jpg;;in;;0;0;7;https://x.com/frans_surya/status/1913256227116843025;216301495;frans_surya
Sat Feb 15 01:55:10 +0000 2025;3182;Udah boycott sejak tau di*** nyumbang milyaran ke Israel. KEEP BOIKOT ‚ÄºÔ∏è‚ÄºÔ∏è‚ÄºÔ∏è‚ÄºÔ∏è‚ÄºÔ∏è‚ÄºÔ∏è https://t.co/ideNQA05G0;1,89E+18;https://pbs.twimg.com/media/GjyxBF2XgAAdTLH.jpg;;in;Indonesia;15;40;856;https://x.com/tanyarlfes/status/1890580579201982519;1371650588;tanyarlfes
