"conversation_id_str","created_at","favorite_count","full_text","id_str","image_url","in_reply_to_screen_name","lang","location","quote_count","reply_count","retweet_count","tweet_url","user_id_str","username"
"1909029560353497556","Sun Apr 06 23:44:49 +0000 2025","43"," Jewish Americans like me who are highly critical of Israel: the administration is saying that there are good Jews and bad Jews! And good Jews are the ones who support Israel's actions in Gaza. And bad Jews are the people like me. We are suddenly at the center of politics of https://t.co/ZIxxF7jiYK","1909029560353497556","https://pbs.twimg.com/ext_tw_video_thumb/1909029436856410112/pu/img/79zufDtBSbScBzRP.jpg","","en","","1","5","28","https://x.com/undefined/status/1909029560353497556","1652705261365219332",
"1909028178221470177","Sun Apr 06 23:39:20 +0000 2025","0","The real terrorists @jacksonhinklle #Yemeni #Gaza #Perfect10Liners #TrumpTariffs #Gaza_Genocide‚Äå https://t.co/WSk9YHFYqv","1909028178221470177","https://pbs.twimg.com/media/Gn47AosWgAAwFtu.jpg","","en","","0","0","0","https://x.com/undefined/status/1909028178221470177","2415610055",
"1909031442039935409","Sun Apr 06 23:52:18 +0000 2025","0","If anybody needs a chip inserted in their brain named FAFO is Satanyahuhu ..Trump should order Elon to implant one with no delays in his sick mind so the Gaza killing stops.","1909031442039935409","","","en","","0","0","0","https://x.com/undefined/status/1909031442039935409","821364947091390464",
"1909030046679142651","Sun Apr 06 23:46:45 +0000 2025","1032","Is anyone surprised by this? Iranians have been telling the world for years that the terrorist Islamic Regime occupying them sends billions to Hamas terrorists. Iranians inside Iran shout No to Gaza! No to Lebanon! My life for Iran! because they are sick and tired of their https://t.co/lHumiRIDsI","1909030046679142651","https://pbs.twimg.com/amplify_video_thumb/1909029689659662336/img/Tp3P3HcpWJJaqInz.jpg","","en","","5","15","292","https://x.com/undefined/status/1909030046679142651","832035949",
"1909029635121164550","Sun Apr 06 23:45:07 +0000 2025","690","Gaza and Hamas: we're winning the war against Israel. Does this video look like winning to you? https://t.co/s7wf5ikFaF","1909029635121164550","https://pbs.twimg.com/amplify_video_thumb/1909029610769076225/img/m3eEuh0FiCp9wQFC.jpg","","en","","4","63","131","https://x.com/undefined/status/1909029635121164550","1804690072555683840",
"1909030076953583871","Sun Apr 06 23:46:53 +0000 2025","4","Katil ƒ∞srail #Gaza #GazaHolocaust #GazaGenocide","1909030076953583871","","","da","","0","0","0","https://x.com/undefined/status/1909030076953583871","1838648478052040704",
"1909030989017346325","Sun Apr 06 23:50:30 +0000 2025","0"," BREAKING: Reports confirm the death of General John Pagri Commander of the Special Tasks Battalion in the U.S. Army in the Gaza Strip. https://t.co/kXl9PyPrZJ","1909030989017346325","","","en","","0","0","0","https://x.com/undefined/status/1909030989017346325","1835135159584096257",
"1909032220024520721","Sun Apr 06 23:55:24 +0000 2025","0","I just pledged my support to @OxfamCanada for justice dignity and peace in Gaza. Join me in standing with the people of Palestine to help them rebuild their lives and futures. Add your voice today: https://t.co/rsFkDT9xPP #StandWithGaza #JusticeForGaza","1909032220024520721","","","en","","0","0","0","https://x.com/undefined/status/1909032220024520721","1257829003",
"1909032130081878488","Sun Apr 06 23:55:02 +0000 2025","1","Not taking a position on Gaza is taking a position on Gaza. One you ll have to live with for the rest of your life.","1909032130081878488","","","en","","0","0","0","https://x.com/undefined/status/1909032130081878488","1290911196128980994",
"1909031183121260551","Sun Apr 06 23:51:16 +0000 2025","268","We failed them. Shame on us#Gaza #GazaHolocaust #GazaGenocide https://t.co/Yb5wIPb6La","1909031183121260551","https://pbs.twimg.com/amplify_video_thumb/1909030707172605952/img/9mnHVEUugqCROe4I.jpg","","en","","1","19","86","https://x.com/undefined/status/1909031183121260551","106578824",
"1909031351564619922","Sun Apr 06 23:51:56 +0000 2025","117","The children of Gaza stand as proof of a world that looked away. Dont look away. https://t.co/nk829amp0z","1909031351564619922","https://pbs.twimg.com/media/Gn495Z3XIAAZpWv.jpg","","en","","3","9","28","https://x.com/undefined/status/1909031351564619922","1453009363",
"1909030121320690068","Sun Apr 06 23:47:03 +0000 2025","2","Thank you @60Minutes for your reporting on the atrocities occurring in our world. The world needs to know the true stories! #Gaza #innocentmigrants #prayingforjustice","1909030121320690068","","","en","","0","1","0","https://x.com/undefined/status/1909030121320690068","50199364",
"1909028253035094138","Sun Apr 06 23:39:38 +0000 2025","3","I just donated to a family in Gaza struggling to survive the war. Every little bit helps them get food and water. Please consider helping too. Share and donate if you can!! One Love Free free Pale/stine Free free Ga/za!! &lt;3 &lt;3 &lt;3 https://t.co/knNpIx2tO0","1909028253035094138","","","en","","0","2","1","https://x.com/undefined/status/1909028253035094138","38258118",
"1909031511745257821","Sun Apr 06 23:52:35 +0000 2025","1","Ousman Noor | INSTRUCTIONS: HOW TO STOP GAZA GENOCIDE We've launched a campaign to estbalish an international armed force to stop the Gaza Genocide. We... | Instagram https://t.co/2THoZQqyI7","1909031511745257821","","","en","","0","0","1","https://x.com/undefined/status/1909031511745257821","1613257165011042306",
"1909032146003787782","Sun Apr 06 23:55:06 +0000 2025","0","Reminder to myself If I feel life is hard please remember there are people in Gaza suffering more than me. I still stand until today because God s mercy not because my power or resilience. I m weak and that s me because I m human.","1909032146003787782","","","en","","0","0","0","https://x.com/undefined/status/1909032146003787782","1537613916",
"1882994770634518792","Sat Jan 25 03:31:52 +0000 2025","106","To mark International Education Day @fobzu has released a short film Our Universities Live On: Testimonials of Hope created in collaboration with students and academics in Gaza. Despite over 400 days of destruction displacement and siege they continue to fight for their https://t.co/c4sZZ1sKlI","1882994770634518792","https://pbs.twimg.com/amplify_video_thumb/1882994708613378048/img/5y7iS0HPJjYDTpHA.jpg","","en","","5","4","58","https://x.com/undefined/status/1882994770634518792","757408098",
"1909030498950606986","Sun Apr 06 23:48:33 +0000 2025","95","His name is Hamza Abu Issa https://t.co/sjBxAsPcRm","1909030498950606986","https://pbs.twimg.com/media/Gn49GtGXcAAXf-F.jpg","","en","","3","3","63","https://x.com/undefined/status/1909030498950606986","1502037992742998021",
"1909032466318237792","Sun Apr 06 23:56:22 +0000 2025","0","Just couldn t vote for Kamala- something about the sound of her laughter. She warned you! #stockmarketcrash #Crypto #MAGA #Trump #NFL #NHL #MLB #FinalFour #WorldCup #tarrifs #Veterans #hurricane #earthquake #tornado #Russia #Gaza #Houthi #Yemen https://t.co/Q771YaiCGP","1909032466318237792","https://pbs.twimg.com/media/Gn4-58RXwAAQ8Jm.jpg","","en","","0","0","0","https://x.com/undefined/status/1909032466318237792","47738650",
"1881181401409831210","Mon Jan 20 03:26:11 +0000 2025","265"," Suspension for Gaza is the highest honor! repost from @ColumbiaBDS on instagram https://t.co/oVEqLA1ls1","1881181401409831210","https://pbs.twimg.com/media/GhtMgzTXwAAa0Tk.jpg","","en","","1","2","53","https://x.com/undefined/status/1881181401409831210","757408098",
"1909031045216763906","Sun Apr 06 23:50:43 +0000 2025","22","Hamas launches missiles from Gaza. Time to finally level the damn place. https://t.co/KMSkwChrK9","1909031045216763906","https://pbs.twimg.com/amplify_video_thumb/1908946446319079424/img/Ic5jHJzJxHfbG8xf.jpg","","en","","0","1","8","https://x.com/undefined/status/1909031045216763906","812479795841945600",
"1909026387173712143","Sun Apr 06 23:32:13 +0000 2025","470","Please don't stop talking about Gaza https://t.co/oVE54ScaPK","1909026387173712143","https://pbs.twimg.com/amplify_video_thumb/1909025964681461760/img/LlIVlRVdhiDbEnhb.jpg","","en","","5","7","267","https://x.com/undefined/status/1909026387173712143","1605190297662754816",
"1909030501446189092","Sun Apr 06 23:48:34 +0000 2025","0","Russia was always guaranteed to win #Trump #TrumpTariffs #zelena #LIVEVE #Munster #Gaza #garnacho #MUFC https://t.co/AHwqBp9bmN","1909030501446189092","https://pbs.twimg.com/media/Gn49HsTWsAA0Sxx.jpg","","en","","0","0","0","https://x.com/undefined/status/1909030501446189092","1771664902286942208",
"1909031041160884517","Sun Apr 06 23:50:42 +0000 2025","0","EU sucks 100% Russia is good at developing #MUFC #Garnacho #Gaza #Dorgu","1909031041160884517","","","en","","0","0","0","https://x.com/undefined/status/1909031041160884517","1771664902286942208",
"1909026772651245877","Sun Apr 06 23:33:45 +0000 2025","1159","We are dying of hunger We are dying of hunger We are dying of hunger We are dying of hunger We are dying of hunger We are dying of hunger We are dying of hunger We are dying of hunger We are dying of hunger https://t.co/kkzgz6ZNPz https://t.co/LmTBCQGe8l","1909026772651245877","https://pbs.twimg.com/media/Gn44W9GXAAARYfj.jpg","","en","","14","34","923","https://x.com/undefined/status/1909026772651245877","1855696788893638656",
"1909031628749611162","Sun Apr 06 23:53:03 +0000 2025","2","most of the Gaza protestors are:","1909031628749611162","","","en","","0","0","1","https://x.com/undefined/status/1909031628749611162","1715754524302770176",
"1909028939689087461","Sun Apr 06 23:42:21 +0000 2025","0","Abdel Hadi the President of Palestine's Children Council - Gaza Strip","1909028939689087461","","","en","","0","0","0","https://x.com/undefined/status/1909028939689087461","902200970238623747",
"1909029535149858948","Sun Apr 06 23:44:43 +0000 2025","0","Salute to the courage of this lady for expressing herself in this big forum at Microsoft. #IsraeliWarCrimes #Gaza #GazaHolocaust https://t.co/XfwJmp8lWR","1909029535149858948","https://pbs.twimg.com/ext_tw_video_thumb/1909029485334216704/pu/img/xDfZf_FBENidNav7.jpg","","en","","0","0","0","https://x.com/undefined/status/1909029535149858948","2723494484",
"1909031424390263274","Sun Apr 06 23:52:14 +0000 2025","3","The IDF Crimes Against Humanity. #StopTradeWithSettlements #EndIsraeliImpunity #SanctionIsrael #AparthiedIsrael #IsraeliNewNazism #StopArmingIsrael #IsraelTerroristState #EndZionism #StopArmingIsraelNOW #UNseatIsrael #FreePalestine #Gaza #GazaGenocide‚Äå #GazaHolocaust","1909031424390263274","","","en","","0","0","2","https://x.com/undefined/status/1909031424390263274","1331960056141787136",
"1909030841503653972","Sun Apr 06 23:49:55 +0000 2025","0","Stop the holocaust in Gaza","1909030841503653972","","","en","","0","0","0","https://x.com/undefined/status/1909030841503653972","356727736",
"1909031558222139816","Sun Apr 06 23:52:46 +0000 2025","6","Stop the world for Gaza!","1909031558222139816","","","en","","0","1","1","https://x.com/undefined/status/1909031558222139816","1756332246389153792",
"1909032474811777291","Sun Apr 06 23:56:24 +0000 2025","14","Documentation from the moment of the fall in the city of Ashkelon. #IsraelUnderFire #Gaza https://t.co/Sdc1r1gxI9","1909032474811777291","https://pbs.twimg.com/ext_tw_video_thumb/1909032449394237440/pu/img/0fvb6L-mFPFclzZc.jpg","","en","","0","1","5","https://x.com/undefined/status/1909032474811777291","2373174403",
"1909030164123558044","Sun Apr 06 23:47:13 +0000 2025","1","Help Obada's family escape from gaza war and reclaim their lives. Please support this GoFundMe by donating or sharing every bit of help makes a difference. https://t.co/44e3sHqaNa","1909030164123558044","","","en","","0","1","1","https://x.com/undefined/status/1909030164123558044","1291793891948220416",
"1909032308109091213","Sun Apr 06 23:55:45 +0000 2025","1","I was able to match the last $10 for @diyaa_akram12's new campaign - can anyone else do the same? He had to leave his family behind in Gaza when he finally got the chance of medical evacuation for his own severe injuries - please help him to make sure they're provided for.","1909032308109091213","","","en","","0","0","2","https://x.com/undefined/status/1909032308109091213","1337079431643488257",
"1909032371526959431","Sun Apr 06 23:56:00 +0000 2025","0","MOROCCO - Rabat for a #FreePalestine and stop #Gaza genocide","1909032371526959431","","","en","","0","0","0","https://x.com/undefined/status/1909032371526959431","1886204983",
"1895201214943375417","Thu Feb 27 19:55:55 +0000 2025","1158","BBC finds serious flaws in making of Gaza documentary and says there are no plans to air it again in current form https://t.co/NesoOZSpcZ","1895201214943375417","","","en","","193","831","238","https://x.com/undefined/status/1895201214943375417","5402612",
"1901899185466798458","Tue Mar 18 07:31:16 +0000 2025","4531","At least 330 people killed in Israeli air strikes on Gaza says Hamas-run Gaza health ministry Follow live https://t.co/gtsPpgkQPF","1901899185466798458","","","en","","788","1915","1578","https://x.com/undefined/status/1901899185466798458","5402612",
"1909028568891527409","Sun Apr 06 23:40:53 +0000 2025","2","All they do is lie: The Palestinian Info Center which has half a million followers on Facebook has posted a photo of actress Katherine Heigl who played Dr. Izzie Stevens in Grey s Anatomy identifying her as a French doctor who has traveled to Gaza to offer medical help. https://t.co/vPH9Fpq5wZ","1909028568891527409","https://pbs.twimg.com/media/Gn47XgnXYAAlBsK.jpg","","en","","0","1","1","https://x.com/undefined/status/1909028568891527409","1793010019086090240",
"1909033363429556352","Sun Apr 06 23:59:56 +0000 2025","0","America is already directly responsible for genocide in Gaza. If we have combat troops on the ground there our nation has crossed the Rubicon.","1909033363429556352","","","en","","0","0","1","https://x.com/undefined/status/1909033363429556352","1882135309426540544",
"1909031945314689319","Sun Apr 06 23:54:18 +0000 2025","2","Stop the #Genocide_in_Gaza please","1909031945314689319","","","en","","0","0","0","https://x.com/undefined/status/1909031945314689319","1003097480823758849",
"1909027899921035460","Sun Apr 06 23:38:14 +0000 2025","0","#Enemy_Media Uri an Ashkelon resident whose house was hit by shrapnel says: - A year and a half after the war in Gaza rockets are still falling on Ashkelon - this is not real and it is not normal. - He added after taking this video: We don't feel victorious. https://t.co/k91u6seh0D","1909027899921035460","https://pbs.twimg.com/ext_tw_video_thumb/1909027790420353025/pu/img/VA5QoCyS7iakoX3r.jpg","","en","","0","0","0","https://x.com/undefined/status/1909027899921035460","1788164176751251456",
"1909031883402609018","Sun Apr 06 23:54:03 +0000 2025","0","#Qaza #ŸÅŸÑÿ≥ÿ∑€åŸÜ Gaza is the city of resilience and patience. https://t.co/PRNddjlcKN","1909031883402609018","https://pbs.twimg.com/media/Gn4-YBlWsAAiWGq.jpg","","en","","0","0","0","https://x.com/undefined/status/1909031883402609018","824338885614456852",
"1909033373190008913","Sun Apr 06 23:59:58 +0000 2025","0","Mike Mihajlovic emphasizes that the expenses of Israel s genocidal war on Gaza are mainly covered by the US Congress. Watch in full #EconomicDivide @PresstvPrograms https://t.co/Oi32L84aMU","1909033373190008913","https://pbs.twimg.com/ext_tw_video_thumb/1909033336926068736/pu/img/melR29N0T8WdE5mG.jpg","","en","","0","0","0","https://x.com/undefined/status/1909033373190008913","1556721071583154178",
"1909025659508146431","Sun Apr 06 23:29:19 +0000 2025","1","57 countries exposed by Gaza Genocide https://t.co/DHXTokICpX","1909025659508146431","https://pbs.twimg.com/ext_tw_video_thumb/1908804186600329216/pu/img/c3R8dwzKQlSmL22S.jpg","","en","","0","0","1","https://x.com/undefined/status/1909025659508146431","973511517604859904",
"1909026976389538259","Sun Apr 06 23:34:33 +0000 2025","7","üáµüá∏ Please help Oday and his family by donating and sharing‚ÄºÔ∏è https://t.co/qaLXiJLS1m","1909026976389538259","","","en","","0","2","7","https://x.com/undefined/status/1909026976389538259","2829426045",
"1909033065005105197","Sun Apr 06 23:58:45 +0000 2025","0","‚ñ∂Ô∏è Israeli warplanes targeted a tent used by journalists near Nasser Hospital in Khan Yunis Gaza. @PressTV https://t.co/tuFUM3rYV6","1909033065005105197","https://pbs.twimg.com/ext_tw_video_thumb/1909032976119390208/pu/img/jf_p-lDCZ7Jjmgow.jpg","","en","","0","0","0","https://x.com/undefined/status/1909033065005105197","1556721071583154178",
"1909028006019936743","Sun Apr 06 23:38:39 +0000 2025","2","This is the prominent leader targeted by American aircraft: the martyr Sarim Ibn Sheikh Saleh Al-Suhaili. One of the martyrs of the American aggression on their home in the Saawan area of ‚Äã‚ÄãSana'a. The children of Yemen are no less important than the children of Gaza. #ÿ∫ÿ≤ÿ©_ÿ™Ÿèÿ®ÿßÿØ https://t.co/ZEpmHnUJoU","1909028006019936743","https://pbs.twimg.com/media/Gn462tJWsAEFjN6.jpg","","en","","0","0","0","https://x.com/undefined/status/1909028006019936743","1849877904659714048",
"1907311690556805518","Wed Apr 02 05:58:37 +0000 2025","795","Israel says it is expanding its military operation in Gaza and will seize large areas of the territory https://t.co/GzWqZsMZPj","1907311690556805518","","","en","","72","433","289","https://x.com/undefined/status/1907311690556805518","5402612",
"1909029836019978303","Sun Apr 06 23:45:55 +0000 2025","1","People have no idea how tiny of a strip Gaza is &amp; dropping 6 hiroshima bombs on it is meant to annihilate every single living thing in it &amp; the Arab world has/ is letting it happen &amp; the harsh truth is it doesn't even guarantee stability more destruction to come. Ya Allah","1909029836019978303","","","en","","0","0","1","https://x.com/undefined/status/1909029836019978303","1828069784971280384",
"1909032495867134113","Sun Apr 06 23:56:29 +0000 2025","0"," WARNING: GRAPHIC 18+ Israeli warplanes have targeted a tent used by journalists near Nasser Hospital in Khan Yunis Gaza. #GazaHolocaust #GazaGenocide https://t.co/Sq7PE1OzIz","1909032495867134113","https://pbs.twimg.com/amplify_video_thumb/1909032400773959680/img/jEkH01Tz99m-0uUY.jpg","","en","","0","0","0","https://x.com/undefined/status/1909032495867134113","1317549282929610752",
"1909032547398590837","Sun Apr 06 23:56:42 +0000 2025","0","The lefter-than-thous who demanded that the 2024 election be a referendum on the Biden admin s handling of Gaza really should have considered that helping elect Trump to do Gaz-a-Lago would decenter their Omnicause for the foreseeable future and perhaps permanently","1909032547398590837","","","en","","0","0","0","https://x.com/undefined/status/1909032547398590837","1723940405518258176",
"1867751711630037409","Sat Dec 14 02:01:23 +0000 2024","70","from Vassar SJP on IG: Early this morning a group of autonomous actors tagged Vassar College a neoliberal corporation manufacturing consent for and investing in israel's ongoing genocide in Gaza the occupation of the West Bank and the recent zionist escalations in Lebanon https://t.co/Xv2G6AH6B7","1867751711630037409","https://pbs.twimg.com/media/GeuWR_JX0AAZdGM.jpg","","en","","1","2","15","https://x.com/undefined/status/1867751711630037409","757408098",
"1880006738683818029","Thu Jan 16 21:38:29 +0000 2025","57"," STUDENTS: MOBILIZE THIS TUESDAY JANUARY 21ST On Wednesday January 15th a ceasefire was established in Gaza; a demand championed by the Palestinian people and their billions of international supporters. We know that our work is not over it has just begun. A ceasefire https://t.co/7B6OlmnA5i","1880006738683818029","https://pbs.twimg.com/media/GhcgKYdXQAATXry.jpg","","en","","0","4","26","https://x.com/undefined/status/1880006738683818029","757408098",
"1907484599107666171","Fri Apr 04 03:22:18 +0000 2025","0","@vishalsingh_oo1 @argfootball2025 I think the issue with Indians is their ignorance. For instance most think that Kashmir is horrific where around 300-400 children died but don't think Gaza is a genocide where 20 000 children have been killed and where Israel mainly kills children ages 0-9. Not adults. https://t.co/Yt3tPVDoem","1907997128091459831","https://pbs.twimg.com/media/GnqRRmVW4AAn-j5.jpg","vishalsingh_oo1","en","","0","3","0","https://x.com/undefined/status/1907997128091459831","1841113170229776389",
"1879612140165996766","Wed Jan 15 19:30:30 +0000 2025","74","Today January 15 a ceasefire ends 15 months of israel's horrific genocide in Gaza. Today Palestinians celebrate with those around them; those who survived extermination starvation torture who defied death and carried the torch of Palestinian freedom onward. https://t.co/4yfD0yjsyF","1879612140165996766","https://pbs.twimg.com/media/GhW4YzDWgAAxVnk.jpg","","en","","1","6","41","https://x.com/undefined/status/1879612140165996766","757408098",
"1909029255729594457","Sun Apr 06 23:43:37 +0000 2025","0","Kids in Gaza aren t asking for justice. They re asking for water. For light. For a night without drones overhead. If that doesn t haunt you you re not paying attention.","1909029255729594457","","","en","","0","0","1","https://x.com/undefined/status/1909029255729594457","1236654057844092930",
"1909027206812119065","Sun Apr 06 23:35:28 +0000 2025","0","The slaughter of children in Gaza passed her by ","1909027206812119065","","","en","","0","0","0","https://x.com/undefined/status/1909027206812119065","1585592167573192707",
"1909030019264893408","Sun Apr 06 23:46:39 +0000 2025","4","'We don't have water to drink. We need your support to provide water for us'. @Dalia_qandeel's campaign has received no support at all for the last two days - please help her and her three young children: https://t.co/UpTJ183vwF","1909030019264893408","","","en","","0","0","4","https://x.com/undefined/status/1909030019264893408","1337079431643488257",
"1881799008169103635","Tue Jan 21 20:20:20 +0000 2025","428","Harvard s response to the genocide in Gaza:","1881799008169103635","","","en","","4","6","183","https://x.com/undefined/status/1881799008169103635","757408098",
"1881481483916906608","Mon Jan 20 23:18:36 +0000 2025","20","from @ColumbiaBDS on IG: Last week Columbia held 22 disciplinary hearings against alleged student protestors from the Gaza Solidarity Encampment. During their hearings students spoke bravely about their commitment to fighting towards a free Palestine and forced the University https://t.co/IEewp3aXZP","1881481483916906608","https://pbs.twimg.com/media/Ghxdb0wW4AALa3U.jpg","","en","","0","3","6","https://x.com/undefined/status/1881481483916906608","757408098",
"1909026170235990527","Sun Apr 06 23:31:21 +0000 2025","0","The medical director at Al-Ahli Hospital in Gaza Doctor Fadel Naim warned that the situation has spiralled completely out of control in the hospital. With Gaza s health system in collapse hospitals are overwhelmed;doctors are forced to make agonising choices about who receives https://t.co/ZLcPWOpPPg","1909026170235990527","https://pbs.twimg.com/ext_tw_video_thumb/1909026119266836480/pu/img/rAkTFshommtmPK_m.jpg","","en","","0","1","0","https://x.com/undefined/status/1909026170235990527","2980836006",
"1909033364658831862","Sun Apr 06 23:59:56 +0000 2025","0","The world failed Gaza. Palestine. We will never forgive never forget. If someone says one bad thing about Hitler after all of this. he just should act earlier maybe there was a chance. With all respect to normal jews. Zionists are not humans not animals. They re hell on Earth","1909033364658831862","","","en","","0","0","0","https://x.com/undefined/status/1909033364658831862","1562447943843557377",
"1909026482870944020","Sun Apr 06 23:32:36 +0000 2025","3201",":(( My account has been restricted so my gfm doesn't appear to everyone! Please support my family s gfm!! by sharing quoting and donating. Please leave a comment üáµüá∏ or even a dot.https://t.co/kkzgz6ZNPz https://t.co/54KDvPzxmz","1909026482870944020","https://pbs.twimg.com/media/Gn45d8qXcAA1qAl.jpg","","en","","22","139","2735","https://x.com/undefined/status/1909026482870944020","1855696788893638656",
"1860411548709147025","Sat Nov 23 19:54:12 +0000 2024","51","from SPHR at Concordia University where 11 000 students went on strike for Gaza this week https://t.co/0cajR8gj5E","1860411548709147025","https://pbs.twimg.com/amplify_video_thumb/1860411398863360000/img/QlguHl5oK7APpzr8.jpg","","en","","0","2","18","https://x.com/undefined/status/1860411548709147025","757408098",
"1864429253296832816","Wed Dec 04 21:59:08 +0000 2024","75","repost from CCNY SJP on IG: On The National University Day of Strike every CUNY campus took to the streets converging at CUNY central to demands that CUNY DIVESTS! Students have been and will continue to keep up the fight for divestment because EVERY SINGLE UNIVERSITY IN GAZA https://t.co/WERWaybWJX","1864429253296832816","https://pbs.twimg.com/amplify_video_thumb/1864429164524093440/img/3EbA9h1HL7fhCmW2.jpg","","en","","1","3","21","https://x.com/undefined/status/1864429253296832816","757408098",
"1862257255208690023","Thu Nov 28 22:08:23 +0000 2024","54","UPDATES FROM DAR WADEE AL FAYOUMI ENCAMPMENT AT SARAH LAWRENCE COLLEGE: Thank you to every single person who sustained the fight on campus in solidarity with Gaza and Palestine this week. This is only the beginning. https://t.co/8uVttzgXd6","1862257255208690023","https://pbs.twimg.com/media/GdgRGYXX0AEyaEI.jpg","","en","","1","2","12","https://x.com/undefined/status/1862257255208690023","757408098",
"1865901286979506618","Sun Dec 08 23:28:28 +0000 2024","21","Last Thursday Boulder SJP took back the University Memorial Center to show solidarity with Gaza. Meanwhile the administration continues to prioritize its commitment war contractors. Two students were banned from campus for two months without any resolution and Boulder SJP has https://t.co/SFkjQtCZNB","1865901286979506618","https://pbs.twimg.com/media/GeUDUmnXYAAus06.jpg","","en","","0","1","3","https://x.com/undefined/status/1865901286979506618","757408098",
"1865227180894019712","Sat Dec 07 02:49:50 +0000 2024","23","But the fight is far from over. As the humanitarian crisis in Gaza worsens UlC must actively work to incorporate the Palestinian perspective into its programs and partnerships. The School of Public Health cannot claim to stand for equity and social justice without addressing the https://t.co/OhapqsKG46","1865227188192096297","https://pbs.twimg.com/media/GeKePewWkAA4d7q.jpg","NationalSJP","en","","0","1","4","https://x.com/undefined/status/1865227188192096297","757408098",
"1901809445048659978","Tue Mar 18 01:34:40 +0000 2025","179","After two weeks of a brutal siege which denied Palestinians life-saving humanitarian aid and drone strikes that have killed dozens the Israeli Occupation forces have renewed their escalated bombardment of Gaza and announced a total collapse of the ceasefire. #AllEyesOnGaza https://t.co/h6LnxF1oF6","1901809445048659978","https://pbs.twimg.com/media/GmSVm-UWAAAxBr1.jpg","","en","","2","10","102","https://x.com/undefined/status/1901809445048659978","757408098",
"1909032306116821014","Sun Apr 06 23:55:44 +0000 2025","57","Powerful show of force to the warmongers and billionaires that the people will not be intimidated and that we will remain on the streets in defense of the Palestinian people and our collective humanity. üáµüá∏FREE PALESTINE! End the US-backed Israeli genocide in Gaza! https://t.co/huPsZegTYI","1909032306116821014","https://pbs.twimg.com/amplify_video_thumb/1909031820848517120/img/6xYJPumlo6Q3P7DW.jpg","","en","","1","1","25","https://x.com/undefined/status/1909032306116821014","294965476",
"1909030455673823546","Sun Apr 06 23:48:23 +0000 2025","5","what an idiot you are @uk_doug9298 was Hamas occupying Israel or Israel occupying Gaza and the West Bank - you Christian Zionists were butchering Jews when Hitler was around - you just changed your victims but you are racist scum underneath","1909030455673823546","","","en","","0","0","3","https://x.com/undefined/status/1909030455673823546","574897802",
"1909027162767732877","Sun Apr 06 23:35:18 +0000 2025","0","Threats to Israeli/U.S. Interests - HIGH threat level üá∫üá∏ White House: Trump blames Hamas for aid worker deaths in Gaza IDF strikes. NSC spokesperson: Trump understands Hamas' use of ambulances and human shields creates 'impossible situation' for IDF. #Hamas #TerroristTactics https://t.co/AdWlwyGMnX","1909027162767732877","https://pbs.twimg.com/media/Gn46FkmXsAAzHlb.jpg","","en","","0","0","0","https://x.com/undefined/status/1909027162767732877","1821603783585230848",
"1909027957081063452","Sun Apr 06 23:38:27 +0000 2025","2","Notice how the racist Chabad princess makes sure to use the photo that associates Khalil (Gaza) with the supposedly deranged libtard (But the most retarded part is thinking '86' means to kill lol)","1909027957081063452","","","en","","0","0","0","https://x.com/undefined/status/1909027957081063452","1518804310494089216",
"1908391319115870337","Sat Apr 05 12:32:40 +0000 2025","1346","@GlennFenfenski Except they were and some were even UN staff. This is normal in Gaza https://t.co/GnQMGrTQPc","1908498020020212183","https://pbs.twimg.com/media/GnxY0_9WIAAJJYv.jpg","GlennFenfenski","en","","2","7","34","https://x.com/undefined/status/1908498020020212183","1841113170229776389",
"1879612140165996766","Wed Jan 15 19:30:31 +0000 2025","18","We the Student Movement for Palestinian Liberation commit to the fight ahead. We will not rest until we achieve divestment secure an arms embargo and end the siege on Gaza. https://t.co/26kwe8FjWb","1879612146595828190","https://pbs.twimg.com/media/GhW5BSrXgAAXXw5.jpg","NationalSJP","en","","0","4","5","https://x.com/undefined/status/1879612146595828190","757408098",
"1909026910287671729","Sun Apr 06 23:34:18 +0000 2025","0","There is a massacre in Gaza!!! #RafafOnFƒ±re @UN @UNICEF #GazaGenocide‚Äå #Gaza #GazaHolocaust #FreePalestine","1909026910287671729","","","en","","0","0","0","https://x.com/undefined/status/1909026910287671729","1143218137141338112",
"1908130772399055291","Fri Apr 04 21:08:15 +0000 2025","0","@johnny4peace @turky_ammar @owenjonesjourno That's totally not true. It's almost exclusively children ages 0-9. The real Islamists are even in Gaza https://t.co/oM9uIrJlTa","1908265382214852992","https://pbs.twimg.com/media/GnuFQDTXkAAhnOV.jpg","johnny4peace","en","","0","1","0","https://x.com/undefined/status/1908265382214852992","1841113170229776389",
"1909032595666383035","Sun Apr 06 23:56:53 +0000 2025","21","There is a journalist burning on fucking live feed in Gaza right now and of course this is supposed to be normal.","1909032595666383035","","","en","","0","0","16","https://x.com/undefined/status/1909032595666383035","1447524416007585794",
"1909027087568245075","Sun Apr 06 23:35:00 +0000 2025","53","Israel's military changed its initial account over last month's killing of 15 emergency workers in Gaza which has sparked calls for an independent investigation https://t.co/2KNteUFfpd https://t.co/6a2sQHw2Uv","1909027087568245075","https://pbs.twimg.com/amplify_video_thumb/1908964614508773376/img/HWmEjyJGbdsYAoqZ.jpg","","en","","4","13","31","https://x.com/undefined/status/1909027087568245075","1652541",
"1909029525259714890","Sun Apr 06 23:44:41 +0000 2025","0","Those in Gaza who aren t directly bombed by Israel are being starved to death as Israel prevents humanitarian aid to get through. https://t.co/MrKHdyxbn6","1909029525259714890","https://pbs.twimg.com/amplify_video_thumb/1909029468267560960/img/g7et23F14k4qWeLA.jpg","","en","","0","0","0","https://x.com/undefined/status/1909029525259714890","329221989",
"1859531024587272593","Thu Nov 21 09:35:19 +0000 2024","613","Sarah Lawrence College NY TAKE A BUILDING CHALLENGE UNDERWAY: An autonomous group of students have started a Gaza Solidarity Occupation in Westlands calling on the college to DISCLOSE their financial investments &amp; DIVEST FROM DEATH. Show out to South Lawn today to support! https://t.co/9AQVe6Ih12","1859531024587272593","https://pbs.twimg.com/media/Gc5hi5CXkAA2Olo.jpg","","en","","13","14","189","https://x.com/undefined/status/1859531024587272593","757408098",
"1909032689061232836","Sun Apr 06 23:57:15 +0000 2025","0","#Iran's #IRGC releases a Threatening &amp; Intimidating AI Video! #CrippleALI Has Spent Over $350bn to Support Terrorists &amp; Rogue Regimes In #Somalia #Syria #Lebanon #Gaza #Yemen #JS &amp; #Iraq. #Russia #Ukraine #US #France #Canada #Germany #England #Israel #Egypt #Turkey #Qatar https://t.co/s1kYKeTkJ8","1909032689061232836","https://pbs.twimg.com/ext_tw_video_thumb/1909032599298654208/pu/img/zqovLtJmmt4udu5L.jpg","","en","","0","0","0","https://x.com/undefined/status/1909032689061232836","2485514456",
"1843374068080501184","Mon Oct 07 19:33:20 +0000 2024","35"," The American University in Cairo Today a year into the genocide in Gaza AUC students climbed to the rooftop of the SSE building during assembly hour to raise two banners so all campus could see. The 1st banner reads: ONE YEAR OF GENOCIDE The 2nd reads: Today it's https://t.co/E9une7OkOQ","1843374068080501184","https://pbs.twimg.com/amplify_video_thumb/1843374008068116480/img/vrMx07jAgH7HDJmT.jpg","","en","","0","1","12","https://x.com/undefined/status/1843374068080501184","757408098",
"1860083160035524743","Fri Nov 22 22:09:18 +0000 2024","155","from our Sarah Lawrence comrades: SHAME! On Day 2 of our Gaza Solidarity Encampment Sarah Lawrence Campus Safety officers inspected the tents of students and imposed unfair ID checks on our students and campus community. üáµüá∏ FREE PALESTINE LONG LIVE DAR AL-FAYOUMI GLORY TO https://t.co/wvkYLjbRgs","1860083160035524743","https://pbs.twimg.com/amplify_video_thumb/1860083088887369728/img/PVBQCLWHUt2gedC8.jpg","","en","","2","1","56","https://x.com/undefined/status/1860083160035524743","757408098",
"1909027541320352171","Sun Apr 06 23:36:48 +0000 2025","2","Global strike out #FreePalestine #StopGenocideInGaza #Gaza #strike #GlobalStrikeForGaza https://t.co/pnj57z2Q1H","1909027541320352171","https://pbs.twimg.com/media/Gn46bh1WwAAl3wx.jpg","","en","","0","0","0","https://x.com/undefined/status/1909027541320352171","254851139",
"1909028122156028242","Sun Apr 06 23:39:07 +0000 2025","0","FREE PHALASTƒ∞NA FREE GAZA. https://t.co/EH1RqD0j1R","1909028122156028242","","","en","","0","0","0","https://x.com/undefined/status/1909028122156028242","1883401182996996096",
"1859625040309793100","Thu Nov 21 15:48:54 +0000 2024","133","ALL OUT TO SARAH LAWRENCE COLLEGE! DEFEND THE STUDENT INTIFADA! For over 400 days our institutions have ignored the genocide of our people in Gaza we DEMAND that they disclose their financial investments and they DIVEST FROM DEATH¬†üáµüá∏¬†üáµüá∏ Rally to Demand Disclosure Divestment https://t.co/oHGZQcIE8k","1859625040309793100","https://pbs.twimg.com/media/Gc63HgPWwAAgXQK.jpg","","en","","3","6","51","https://x.com/undefined/status/1859625040309793100","757408098",
"1846976106349420579","Thu Oct 17 18:06:33 +0000 2024","213","Chag Sukkot Sameach! Scenes from Gaza solidarity sukkahs across the country Pictured here in order: Brown Northwestern UChicago and Columbia https://t.co/EsXg5mWNQ6","1846976106349420579","https://pbs.twimg.com/media/GaHG9_ob0AIMjBy.jpg","","en","","7","6","64","https://x.com/undefined/status/1846976106349420579","757408098",
"1909029151811461288","Sun Apr 06 23:43:12 +0000 2025","0","Undersecretary of the Ministry of Health in Gaza: During the war 52 deaths among children were recorded due to malnutrition and we are facing new numbers unless food supplies are allowed in.*","1909029151811461288","","","en","","0","0","0","https://x.com/undefined/status/1909029151811461288","1656347387655254016",
"1909033370694144227","Sun Apr 06 23:59:58 +0000 2025","0","#warning don't watch this if easily upset. Last Mayor of Gaza tells what Hamas is like compared to ISIS. https://t.co/KHsWqD3cDH","1909033370694144227","","","en","","0","0","0","https://x.com/undefined/status/1909033370694144227","1610734108237332480",
"1909027728378286099","Sun Apr 06 23:37:33 +0000 2025","1","International calls for a global strike on Monday April 7 in solidarity with Gaza and in rejection of the ongoing Israeli massacres against Palestinians. https://t.co/2viDSUITsG","1909027728378286099","https://pbs.twimg.com/media/Gn46mZtbwAAs4tl.jpg","","en","","0","0","1","https://x.com/undefined/status/1909027728378286099","1732167425704243204",
"1909031794726567990","Sun Apr 06 23:53:42 +0000 2025","1","Israel is committing genocide in Gaza","1909031794726567990","","","en","","0","0","0","https://x.com/undefined/status/1909031794726567990","615868759",
"1874222919033012594","Tue Dec 31 22:35:49 +0000 2024","18","While the U.S. Empire and the Zionist entity increased their aggression against our families and loved ones in Gaza and across the region the Student Movement across the world stood up and fought back against their institutions' complicity in genocide. https://t.co/CU9xdyZF64","1874222958551720140","https://pbs.twimg.com/media/GgKT0d9WEAAxHX4.jpg","NationalSJP","en","","0","2","7","https://x.com/undefined/status/1874222958551720140","757408098",
"1909033288003354918","Sun Apr 06 23:59:38 +0000 2025","1448","After incitement by Israeli media calling for his death journalist Hassan Salih was targeted in an assassination attempt by Nazi Israel. https://t.co/6VzcewvFJZ","1909033288003354918","https://pbs.twimg.com/media/Gn4_qC5XcAAP-zN.jpg","","en","","6","24","717","https://x.com/undefined/status/1909033288003354918","1483014205452296193",
"1909027416766378337","Sun Apr 06 23:36:18 +0000 2025","1","Hey madam. Big fan of your work. Do you care to comment on the Christian ethnostate brewing over here and the new age alt-right fascism growing across the globe or the genocide in Gaza instead of making your way through the alphabet to shit on innocent people all day?","1909027416766378337","","","en","","0","1","0","https://x.com/undefined/status/1909027416766378337","1732993950",
"1857558723322921400","Fri Nov 15 22:58:07 +0000 2024","21","Tufts has bent to the zionist donors of this school but its students will not. We are asking the students of this university to hear the cry of Gaza and re-commit themselves for the fight towards divestment. Together we will help create a free Palestine within our lifetimes. https://t.co/UKG15Xxk1n","1857558730088337734","https://pbs.twimg.com/media/Gcdf0dCWMAAs4GK.jpg","NationalSJP","en","","0","1","4","https://x.com/undefined/status/1857558730088337734","757408098",
"1899872870487962082","Wed Mar 12 17:19:24 +0000 2025","48","While the US ramps up its militaristic repression at home it is enabling the Zionist entity in cutting off electricity to Gaza. This is what Mahmoud was protesting against. American fascism and Zionism go hand in hand.","1899872870487962082","","","en","","1","1","21","https://x.com/undefined/status/1899872870487962082","757408098",
"1909033337919791116","Sun Apr 06 23:59:50 +0000 2025","1","May they experience the same God willing. May the bodies that lie beneath the rubble haunt those bulldozing &amp; ethnically cleansing Gaza #IsraeliWarCrimes #StopGenocideInGaza #FreePalestine üáµüá∏","1909033337919791116","","","en","","1","0","3","https://x.com/undefined/status/1909033337919791116","280779578",
"1897365391288017289","Wed Mar 05 19:15:35 +0000 2025","427","US has held direct talks with Hamas over Israeli hostages in Gaza White House confirms https://t.co/uviffPyiCm","1897365391288017289","","","en","","12","144","120","https://x.com/undefined/status/1897365391288017289","5402612",
"1892476112124465403","Thu Feb 20 07:27:20 +0000 2025","250","Hamas is handing over the first bodies of Israeli hostages held in Gaza Follow updates: https://t.co/8EIeeiSx4l","1892476112124465403","","","en","","17","284","69","https://x.com/undefined/status/1892476112124465403","5402612",
"1909033248577233001","Sun Apr 06 23:59:29 +0000 2025","0","When massacre of Muslims taking place in Gaza I'm horrifying to read Muslim priorities other then this on social media please voice for this unlawful killings in GAZZA","1909033248577233001","","","en","","0","0","0","https://x.com/undefined/status/1909033248577233001","370017832",
"1881481483916906608","Mon Jan 20 23:18:39 +0000 2025","7","Sanctions for the Gaza Solidarity Encampment are set to come out within the next few days. Hind's Hall disciplinary hearings begin next week. We must pressure Columbia to drop ALL sanctions and dismiss all charges against pro-Palestine protestors before final decisions are made. https://t.co/OlpQkpeN1g","1881481495975768505","https://pbs.twimg.com/media/GhxdceCXkAAh_bE.jpg","NationalSJP","en","","0","0","0","https://x.com/undefined/status/1881481495975768505","757408098",
"1880339434513793091","Fri Jan 17 19:40:30 +0000 2025","264","If the destruction of libraries universities and archives in Gaza is not in the interest of history what is? @AHAhistorians AHA members: cancel your memberships. An institution that turns its back on education cannot pretend to serve history.","1880339434513793091","","","en","","2","13","87","https://x.com/undefined/status/1880339434513793091","757408098",
"1909028347901837521","Sun Apr 06 23:40:00 +0000 2025","2","Fvck Pershing Square KINCAP shorts equities LOOOOOOWWWWWWEEEEERRRRR Disgustingly So Lower than your worst nightmare Gaza Mode https://t.co/Hp9bOkWENq","1909028347901837521","https://pbs.twimg.com/media/Gn47JQTW0AA5cSE.jpg","","en","","0","0","0","https://x.com/undefined/status/1909028347901837521","1523172129507840001",
"1909031123260256591","Sun Apr 06 23:51:02 +0000 2025","12","While Gaza is drowning in bloodshed ","1909031123260256591","","","en","","0","0","3","https://x.com/undefined/status/1909031123260256591","859917021571686401",
"1909029953255194921","Sun Apr 06 23:46:23 +0000 2025","20","Don t stop talking about Gaza","1909029953255194921","","","en","","0","0","2","https://x.com/undefined/status/1909029953255194921","1657078048187899909",
"1909032021596217846","Sun Apr 06 23:54:36 +0000 2025","0","#Gaza #GazaGenocide #GazaHolocaust How much longer will the rest of the World allow Israel to get away with this? @Keir_Starmer","1909032021596217846","","","en","","0","0","0","https://x.com/undefined/status/1909032021596217846","1389325578935877633",
"1909033184139837827","Sun Apr 06 23:59:13 +0000 2025","10","‚ÄºÔ∏èURGENT‚ÄºÔ∏è To all residents of Gaza present in the Deir al-Balah area in the neighborhoods: Al-Sahaba Al-Samah Al-Awda Al-Zawaida and Al-Salah This is a final advance warning before the attack! For your safety you must move immediately south to the known shelters in https://t.co/du7aCAwCP0","1909033184139837827","https://pbs.twimg.com/media/Gn4_j5rW0AA4N-R.jpg","","en","","0","0","9","https://x.com/undefined/status/1909033184139837827","288278750",
"1907986958342902124","Fri Apr 04 02:43:21 +0000 2025","42","@Partisangirl The footage from Gaza is several order of magnitude worse than the footage of the holocaust Vietnam and even Dresden combined.","1907987323901374780","","Partisangirl","en","","0","5","8","https://x.com/undefined/status/1907987323901374780","1841113170229776389",
"1909029771281137754","Sun Apr 06 23:45:40 +0000 2025","8","Everyone already knew Trump s position on Gaza. The bad part is that the Kamala s position was no different.","1909029771281137754","","","en","","0","0","0","https://x.com/undefined/status/1909029771281137754","1465409341062737922",
"1909028172555071966","Sun Apr 06 23:39:19 +0000 2025","318","Sincerest apologies to this person for having to deal with the (hypothetical?) problem of explaining to their kids what 'shit rentals' and 'pingers' are (although with what's going on in Gaza you might think there are some more challenging things to explain to kids rn than that?) https://t.co/57JSfQkqX9","1909028172555071966","https://pbs.twimg.com/media/Gn45XrNa8AAHJxV.jpg","","en","","21","53","12","https://x.com/undefined/status/1909028172555071966","957805415542112256",
"1909031360125153763","Sun Apr 06 23:51:58 +0000 2025","0","#BREAKING Egypt closed the Rafah crossing gate on the Egyptian side of Gaza Strip with a long concrete wall https://t.co/nqXuQOBNT1","1909031360125153763","https://pbs.twimg.com/media/Gn4951NXcAA_5me.jpg","","en","","0","0","1","https://x.com/undefined/status/1909031360125153763","1219195110941962242",
"1908968956062204271","Sun Apr 06 23:42:19 +0000 2025","137","@MosabAbuToha @owenjonesjourno I might be the next martyr This is our reality this is the voice of Gaza. How long will this nightmare last?","1909028928594858090","","MosabAbuToha","en","","0","8","24","https://x.com/undefined/status/1909028928594858090","841771269087473665",
"1909027152491692107","Sun Apr 06 23:35:15 +0000 2025","0","Israeli airstrikes kill 44 Palestinians in Gaza https://t.co/sB12tJvGkn","1909027152491692107","","","en","","0","1","0","https://x.com/undefined/status/1909027152491692107","1308584192",
"1881105934891831540","Sun Jan 19 22:26:18 +0000 2025","187","As the ceasefire begins we honor the incredible resilience and sacrifice of the people of Gaza. Let s continue to support mutual aid efforts and organize to eradicate Zionism on our campuses. Our work has only just begun.","1881105934891831540","","","en","","1","9","51","https://x.com/undefined/status/1881105934891831540","757408098",
"1909029873102008792","Sun Apr 06 23:46:04 +0000 2025","1","An Israeli bombardment on a group of Gazans in the Al Tuffah neighborhood northeast of Gaza left 11 dead including nine children according to the enclave s civil defense and Palestinian media via Telegram. https://t.co/sWAFL0Ir6n","1909029873102008792","","","en","","0","0","0","https://x.com/undefined/status/1909029873102008792","2807753633",
"1902785944031465799","Thu Mar 20 18:14:56 +0000 2025","65","As the genocide continues in Gaza students remain steadfast in their solidarity with Palestine. Learn more: https://t.co/rr5UH7prLW","1902785946623611024","","NationalSJP","en","","0","1","21","https://x.com/undefined/status/1902785946623611024","757408098",
"1713216242260295923","Sat Oct 14 15:32:36 +0000 2023","3","Between Jakarta's poor air quality my allergies and continuous horrific updates about war crime in #Gaza I didn't get much sleep last night. Other than praying donating and amplifying the underreported ground truth what else can we do? #PalestineGenocide","1713216242260295923","","","en","","0","1","1","https://x.com/undefined/status/1713216242260295923","92804304",
"1868860791736205763","Tue Dec 17 03:39:32 +0000 2024","0","@anvi_gupt_a The Israeli air and ground strikes on Gaza have resulted in over 50 deaths including children a cameraman from Al Jazeera and Civil Defence personnel. The casualties reflect the ongoing violence in the region.","1868863573247807788","","Up_date123","en","","0","0","0","https://x.com/undefined/status/1868863573247807788","868688087030693889",
"1909031632901718174","Sun Apr 06 23:53:04 +0000 2025","0","Shout out to Karachi merchants striking for Gaza while we host Netanyahu in Washington.","1909031632901718174","","","en","","0","0","0","https://x.com/undefined/status/1909031632901718174","23376453",
"1909029723608674702","Sun Apr 06 23:45:28 +0000 2025","1","Hamza Abu Issa Another beautiful child from Gaza beheaded by IDF airstrikes using U.S.-made bombs adding to the ongoing massacre of over 30 000 children killed by sophisticated weapons in plain view of the world.","1909029723608674702","","","en","","0","0","0","https://x.com/undefined/status/1909029723608674702","1004391637806485505",
"1909027989741875234","Sun Apr 06 23:38:35 +0000 2025","0","Only two scenarios will come out of this meeting. It s either Trump will force Netanyahu to end the war in Gaza or they will make a decision on possibly bombing Iran later this week. @MenchOsint","1909027989741875234","","","en","","0","0","0","https://x.com/undefined/status/1909027989741875234","1829189729465569280",
"1909027219692794357","Sun Apr 06 23:35:31 +0000 2025","0","Sadly they cannot trust anyone in Gaza so I don t blame them for rather safe than sorry situation.","1909027219692794357","","","en","","0","0","0","https://x.com/undefined/status/1909027219692794357","1430944026891522054",
"1883224133456310339","Sat Jan 25 18:43:16 +0000 2025","31","95% of Gaza's schools have been destroyed. Youth already deprived of 3 years of education due to COVID-19 and war now face a 30% drop in future earnings. This isn t just an attack on education it s an attack on an entire generation s future.","1883224133456310339","","","en","","0","0","15","https://x.com/undefined/status/1883224133456310339","757408098",
"1909027051396292669","Sun Apr 06 23:34:51 +0000 2025","0","They've made Gaza a death trap both physically and mentally","1909027051396292669","","","en","","0","0","0","https://x.com/undefined/status/1909027051396292669","193882498",
"1908391319115870337","Sat Apr 05 07:06:34 +0000 2025","1774","@TipOfSpearIslam It is standard procedure for IDF. Medics and civil service journalist and police in Gaza are true heroes that will never have Hollywood movies made about them.","1908415952221335649","","TipOfSpearIslam","en","","0","4","44","https://x.com/undefined/status/1908415952221335649","1841113170229776389",
"1909027208271675525","Sun Apr 06 23:35:29 +0000 2025","0","#Gaza Israel killed a mother and her three daughters in an Israeli raid in the south of the Gaza Strip. By bombing their tent https://t.co/st0BKiMZ2k","1909027208271675525","https://pbs.twimg.com/media/Gn46H4-XEAAx0kX.jpg","","en","","0","0","0","https://x.com/undefined/status/1909027208271675525","1663612772066762759",
"1909030826953613704","Sun Apr 06 23:49:51 +0000 2025","1","BubbaNews: I m not sure what s going on here. Egypt tonight just closed the Rafah crossing gate on the Egyptian side of Gaza Strip with a long concrete wall. Something doesn t add up. https://t.co/GucOd79Sj8","1909030826953613704","https://pbs.twimg.com/media/Gn49a4OXwAAyVDJ.jpg","","en","","0","0","0","https://x.com/undefined/status/1909030826953613704","1575221323747545088",
"1909032624582238293","Sun Apr 06 23:57:00 +0000 2025","1","üá∫üá∏REP. AL GREEN VOWS TO IMPEACH TRUMP WITHIN 30 DAYS OVER GAZA REMARKS Rep. Al Green (D-TX) declared he will introduce articles of impeachment against Trump within the next 30 days accusing him of being unfit for office and citing his controversial Gaza comments as https://t.co/08A6xAy0LK","1909032624582238293","https://pbs.twimg.com/media/Gn4_DlLWAAAgMbI.jpg","","en","","0","0","0","https://x.com/undefined/status/1909032624582238293","2941303794",
"1909029347589046431","Sun Apr 06 23:43:59 +0000 2025","5","I have shared news of Israeli war crimes &amp; #CrimesAgainstHumanity since 2012 12 years before you started posting on X - in fact I witnessed them first hand when I lived in Gaza. And I will continue to share Israeli #CrimesAgainstHumanity until Israeli criminals are executed.","1909029347589046431","","","en","","0","0","3","https://x.com/undefined/status/1909029347589046431","22236071",
"1909033043140239695","Sun Apr 06 23:58:40 +0000 2025","1","‚ÄºÔ∏è A MAN BEING BURNT ALIVE AFTER BEING BOMBED BY ISRAEL #GazaHolocaust #GazaGenocide #Gaza","1909033043140239695","","","en","","0","0","0","https://x.com/undefined/status/1909033043140239695","1317549282929610752",
"1884297062214484409","Tue Jan 28 17:46:42 +0000 2025","29","Please donate to and share the BRISMES Fund for Higher Education in Gaza an initiative to help support the reconstruction of higher education in Gaza in accordance with the declared priorities of the Emergency Committee of Universities in Gaza https://t.co/WZk369m2Pk","1884297062214484409","","","en","","0","1","21","https://x.com/undefined/status/1884297062214484409","757408098",
"1909031564513517786","Sun Apr 06 23:52:47 +0000 2025","3","Is This The World We Created? https://t.co/4FsqslAKE3 It is all a part of the same phenomenon. Western governments actively assisting genocide in Gaza; attacks on benefits for the disabled; a deliberate official narrative of Russophobia; rampant Islamophobia boosting the rise https://t.co/FF5JQFAVnO","1909031564513517786","https://pbs.twimg.com/media/Gn4-F0lW8AAopaO.jpg","","en","","0","0","5","https://x.com/undefined/status/1909031564513517786","784065707747188737",
"1909027768446136804","Sun Apr 06 23:37:42 +0000 2025","1","The fact that people really seem to think there's a lot of daylight between the trump and Biden policy on Gaza is actually insane.","1909027768446136804","","","en","","0","0","1","https://x.com/undefined/status/1909027768446136804","1461391316898697220",
"1900305708400468434","Thu Mar 13 21:59:55 +0000 2025","17","For the past 13 days and during the holy month of Ramadan Israel has refused to allow the entry to any humanitarian aid into Gaza. At the same time Zionist attempts to ethnically cleanse the West Bank have intensified. This month and every month we will continue to show out","1900305849848893833","","NationalSJP","en","","0","0","6","https://x.com/undefined/status/1900305849848893833","757408098",
"1909028203005624462","Sun Apr 06 23:39:26 +0000 2025","1","The news from Gaza is utterly horrific. From the West Bank too. And from Lebanon. The over militarisation of any country leads inevitably to invasions and then to world conflict. Is this what those who support the above want? Is that what you voted for in the UK and US?","1909028203005624462","","","en","","0","0","0","https://x.com/undefined/status/1909028203005624462","1300282147",
"1909030895052370061","Sun Apr 06 23:50:08 +0000 2025","1","I've been speaking up for Palestinians for 30 years But Hamas is a major PROBLEM for Palestinians Hamas went to Israel and KIDNAPPED women children and elderly people and took them back to Gaza And Hamas evil actions caused Gaza to be bombed and destroyed","1909030895052370061","","","en","","0","1","0","https://x.com/undefined/status/1909030895052370061","1343546233",
"1901805593871987007","Tue Mar 18 01:19:22 +0000 2025","690","Israel announces extensive air strikes on targets in the Gaza Strip the largest attack since January s ceasefire came into effect https://t.co/w0myvf1KyH","1901805593871987007","","","en","","71","499","308","https://x.com/undefined/status/1901805593871987007","5402612",
"1909029111843926397","Sun Apr 06 23:43:02 +0000 2025","0","Another Journalist in Gaza","1909029111843926397","","","en","","0","0","0","https://x.com/undefined/status/1909029111843926397","91663863",
"1888156622339363138","Sat Feb 08 09:23:13 +0000 2025","266","Three Israeli hostages handed over by Hamas in Gaza as more Palestinian prisoners to be freed under ceasefire deal - follow live https://t.co/datJPc1r9d","1888156622339363138","","","en","","6","212","45","https://x.com/undefined/status/1888156622339363138","5402612",
"1909029637838995706","Sun Apr 06 23:45:08 +0000 2025","40","Tens of thousands of Moroccans have taken to the streets to protest against Israel s punishing assault on Gaza and its people also directing their anger at the United States and its support for the 18-month-long war despite Israeli war crimes. https://t.co/Soqo1C992c","1909029637838995706","","","en","","2","6","19","https://x.com/undefined/status/1909029637838995706","17839398",
"1902070343797223499","Tue Mar 18 18:51:23 +0000 2025","446","Israel's Prime Minister Benjamin Netanyahu says Israel has resumed combat with full force after deadly Gaza strikes adding this is just the beginning Follow live: https://t.co/J9y5jO2d0m","1902070343797223499","","","en","","50","284","134","https://x.com/undefined/status/1902070343797223499","5402612",
"1903776259496346062","Sun Mar 23 11:50:05 +0000 2025","845","The number of Palestinians killed by Israel in Gaza surpasses 50 000 says the Hamas-run health ministry https://t.co/LGZaxdwfJJ","1903776259496346062","","","en","","115","1014","349","https://x.com/undefined/status/1903776259496346062","5402612",
"1908391319115870337","Sat Apr 05 06:37:33 +0000 2025","4","@suanchinfoo @inti_now There is no 'war' going on in Gaza.","1908408649799631344","","suanchinfoo","en","","0","1","0","https://x.com/undefined/status/1908408649799631344","1841113170229776389",
"1909031646130565136","Sun Apr 06 23:53:07 +0000 2025","125"," Civilians from Gaza invaded Israel along with Hamas to rape murder and kidnap Jews. October 7 2023 ","1909031646130565136","","","en","","1","7","52","https://x.com/undefined/status/1909031646130565136","1129279740068737024",
"1907986958342902124","Fri Apr 04 03:55:18 +0000 2025","0","@ppow84 @CroBanian1 @Partisangirl I know. I can try to explain my thoughts. Everything Zionists and Jews have touched is coming into question. Israel with the help of the media is really fucking up the fabric of society and Gaza is having ripple effects in every corner of then planet. This will not end well","1908005431466684880","","ppow84","en","","0","0","0","https://x.com/undefined/status/1908005431466684880","1841113170229776389",
"1909031954608947554","Sun Apr 06 23:54:20 +0000 2025","20","How was their operational security prior to all those pagers detonating the next day when the ICOM's went boom when Nasrallah went see Allah or during the HR Ops in Gaza? You used a crap example got called on it publicly and are struggling to validate it.","1909031954608947554","","","en","","0","2","3","https://x.com/undefined/status/1909031954608947554","1683937299468263424",
"1909031316508590439","Sun Apr 06 23:51:48 +0000 2025","2","STOP BOMBING GAZA STOP TARGETING JOURNALISTS","1909031316508590439","","","en","","0","0","2","https://x.com/undefined/status/1909031316508590439","2347280246",
"1909033252117250472","Sun Apr 06 23:59:30 +0000 2025","6473","BREAKING: A Palestinian journalist reports that Israeli forces directly struck the journalists tent at Nasser Hospital in Khan Younis southern Gaza Strip.","1909033252117250472","","","en","","27","85","3569","https://x.com/undefined/status/1909033252117250472","1776269230159147008",
"1909031628170792968","Sun Apr 06 23:53:02 +0000 2025","0","War's toll on Gaza's children https://t.co/XyvPuXvmJC via @YouTube","1909031628170792968","","","en","","0","0","0","https://x.com/undefined/status/1909031628170792968","1002360296223096834",
"1909031404639502781","Sun Apr 06 23:52:09 +0000 2025","1","Israel Leveled Gaza Then Killed the Drone Journalists Who Showed it to the World Only drones can begin to capture the scale of destruction in the Gaza Strip. The journalists doing it were targeted again and again. https://t.co/0iHFca4GJj","1909031404639502781","","","en","","0","0","1","https://x.com/undefined/status/1909031404639502781","4909522369",
"1909033162807902650","Sun Apr 06 23:59:08 +0000 2025","0","Rockets from Gaza fired towards Ashdod and Ashkelon for the first time in months.","1909033162807902650","","","en","","0","0","0","https://x.com/undefined/status/1909033162807902650","413912416",
"1909028334920450464","Sun Apr 06 23:39:57 +0000 2025","0","The Chicago surgeon treating wounded in Syria Ukraine and Gaza https://t.co/sdrc9P09q9 via @60minutes","1909028334920450464","","","en","","0","0","0","https://x.com/undefined/status/1909028334920450464","611632922",
"1909031123583414392","Sun Apr 06 23:51:02 +0000 2025","0","Trump s Pick for Israel Ambassador Leads Tours That Leave Out Palestinians and Promote End of Days Theology Trump wants Gaza for real estate deals but Mike Huckabee s all-inclusive Israel tours erase Palestinians for a higher purpose. https://t.co/OBsbrQ3s9V","1909031123583414392","","","en","","0","0","1","https://x.com/undefined/status/1909031123583414392","4909522369",
"1909031743300235375","Sun Apr 06 23:53:30 +0000 2025","2","The Guardian provides a full account of diabolical war crime. Israeli military changes account of Gaza paramedics killing after video of attack https://t.co/v2qwg3x1bO","1909031743300235375","","","en","","0","2","0","https://x.com/undefined/status/1909031743300235375","265330090",
"1907484599107666171","Thu Apr 03 19:38:23 +0000 2025","0","@KratosKityOfWar @yurnero_x Yeah but nothing on the scale we are seeing now. In fact what is going on in Gaza has no historical precedent. It is unique. Even ww2 the Nazis had a 6% child kill rate. Israel is now at 46%","1907880376887861395","","KratosKityOfWar","en","","0","1","0","https://x.com/undefined/status/1907880376887861395","1841113170229776389",
"1909032160993955977","Sun Apr 06 23:55:09 +0000 2025","962","BREAKING: The Israeli military is reportedly carrying out a large-scale invasion across the West Bank ahead of tomorrow s general strike protesting the genocide in Gaza. Drop Site contributor @MariamBarghouti says Israeli forces are raiding Qalandia Jalazone and Am ari refugee https://t.co/Q5InmtJSJ8","1909032160993955977","https://pbs.twimg.com/media/Gn4-ofaWIAAFrDa.jpg","","en","","10","8","624","https://x.com/undefined/status/1909032160993955977","1776269230159147008",
"1907575758890971249","Fri Apr 04 05:47:39 +0000 2025","0","@yapma_ses21334 @AhmedTayy I've seen more than 20 real Muslims die in Gaza their bravery is unquestioned. So it's more than 20 but I see what you mean","1908033704695374172","","yapma_ses21334","en","","0","1","0","https://x.com/undefined/status/1908033704695374172","1841113170229776389",
"1902119096042262839","Fri Apr 04 02:15:45 +0000 2025","2","@alex_oren98975 Obviously the footage I sent you is only a fraction of the Gaza footage but it gives you a very clear picture.","1907980378540781756","","alex_oren98975","en","","0","0","0","https://x.com/undefined/status/1907980378540781756","1841113170229776389",
"1909033070491029933","Sun Apr 06 23:58:46 +0000 2025","283","The holocaust in Gaza just keeps accelerating. Another journalist targeted by the ZNazis.","1909033070491029933","","","en","","0","2","114","https://x.com/undefined/status/1909033070491029933","40541586",
"1909031696391131413","Sun Apr 06 23:53:19 +0000 2025","0","Yes and? Maybe that s by virtue of all the stuff they ve done and were planning to do Does being MP give an absolute immunity to go anywhere you want especially on a hatred pet project like Gaza? Want the hostile stances; face the consequences. That s how it s always worked","1909031696391131413","","","en","","0","0","0","https://x.com/undefined/status/1909031696391131413","3413322821",
"1901809445048659978","Tue Mar 18 01:35:52 +0000 2025","15","The genocide never ended and we will never be silenced. We continue to stand with our brothers and sisters in Gaza in the face of this continued onslaught. #AllEyesOnGaza #GazaUnderAttack","1901809749286400000","","NationalSJP","en","","0","1","7","https://x.com/undefined/status/1901809749286400000","757408098",
"1909032970058674184","Sun Apr 06 23:58:22 +0000 2025","0","Dupes manipulated by the Muslim Brotherhood captured on video. Everyone of our cops should spend time with the IDF in Gaza to learn how these terrorrists roll. Frigging ridiculuous.","1909032970058674184","","","en","","0","0","0","https://x.com/undefined/status/1909032970058674184","1316612844595507202",
"1874594950291353913","Wed Jan 01 23:14:01 +0000 2025","27","As healthcare workers and students we have a moral imperative to use all available resources and channels to ensure the safety and protection of healthcare workers in Gaza particularly Dr. Abu Safiya whose life and work are in immediate danger.","1874594959866884520","","NationalSJP","en","","0","1","9","https://x.com/undefined/status/1874594959866884520","757408098",
"1909032438954971308","Sun Apr 06 23:56:16 +0000 2025","55","Yemen reports 6 deaths in US air strikes Netanyahu orders new attacks on besieged Gaza as Tel Aviv's genocidal war on the blockaded enclave enters its 548th day Follow our live coverage https://t.co/L2ytATrbL4","1909032438954971308","https://pbs.twimg.com/media/Gn4-2RZWwAAQu1x.jpg","","en","","0","1","34","https://x.com/undefined/status/1909032438954971308","804605049859145728",
"1880861693510635813","Sun Jan 19 06:15:47 +0000 2025","502","Israel's PM Netanyahu says Gaza ceasefire delayed until Hamas provides a list of hostages to be freed https://t.co/OfIxN0zf1t","1880861693510635813","","","en","","91","210","217","https://x.com/undefined/status/1880861693510635813","5402612",
"1890371838850498754","Fri Feb 14 12:05:42 +0000 2025","359","Hamas names three hostages to be released from Gaza on Saturday including US Russian and Argentinian dual nationals https://t.co/Pa01IsPMu9","1890371838850498754","","","en","","12","209","130","https://x.com/undefined/status/1890371838850498754","5402612",
"1889365152018866182","Tue Feb 11 17:25:29 +0000 2025","556","Israel will end the Gaza ceasefire if Hamas does not release hostages on Saturday PM Benjamin Netanyahu says Follow live: https://t.co/u4Kc7upPSP","1889365152018866182","","","en","","52","305","122","https://x.com/undefined/status/1889365152018866182","5402612",
"1908391319115870337","Sun Apr 06 20:19:49 +0000 2025","0","@whataboutyas @RTTHshow They didn't slaughter mainly children ages 0-9 in Afghanistan anywhere near Gaza. You are making things up.","1908977967168172194","","whataboutyas","en","","0","1","0","https://x.com/undefined/status/1908977967168172194","1841113170229776389",
"1908391319115870337","Sun Apr 06 20:41:17 +0000 2025","1","@whataboutyas @RTTHshow Im comparing Oct 7 footage to Gaza war footage. Duh","1908983369909567956","","whataboutyas","en","","0","1","0","https://x.com/undefined/status/1908983369909567956","1841113170229776389",
"1901809445048659978","Tue Mar 18 01:34:56 +0000 2025","13","Over the past two months the Zionist state of Israel has continually violated the provisions of the ceasefire agreement acting with impunity and the full backing of the imperialist Western world. Now the Zionist entity is continuing the genocidal bombardment of the Gaza Strip","1901809512723456335","","NationalSJP","en","","0","1","3","https://x.com/undefined/status/1901809512723456335","757408098",
"1908391319115870337","Sun Apr 06 19:23:26 +0000 2025","133","The IDF changes it's story https://t.co/Xftu0SfHnR","1908963779783659610","","xIsraelExposedx","en","","3","6","29","https://x.com/undefined/status/1908963779783659610","1841113170229776389",
"1909032636837933169","Sun Apr 06 23:57:03 +0000 2025","0","Thousands of protesters gathered today near the Israeli consulate in Istanbul Turkey demanding an end to the ongoing Israeli genocide against Palestinians in Gaza. https://t.co/BhyOFSQB2h Telegram: https://t.co/SlU5nFVwkX X: https://t.co/GqHITMxE9L https://t.co/LhGGFN5qBv","1909032636837933169","https://pbs.twimg.com/ext_tw_video_thumb/1909032587441623040/pu/img/4P-jNmtFhpC4DsIT.jpg","","en","","0","0","0","https://x.com/undefined/status/1909032636837933169","1007526580917297152",
"1884925452495524220","Thu Jan 30 11:23:42 +0000 2025","240","Two more Israeli hostages and five foreign nationals handed over to Red Cross in Gaza Israel's military says - follow live https://t.co/tZh1pZMW2M","1884925452495524220","","","en","","3","73","48","https://x.com/undefined/status/1884925452495524220","5402612",
"1909031003357663542","Sun Apr 06 23:50:33 +0000 2025","739","The Israeli Air Force carried out a precision-airstrike earlier on the central Gaza Strip targeting a Hamas rocket launcher that fired 10 projectiles last night against the cities of Ashdod and Ashkelon in the south of Israel thankfully not resulting in any serious injuries. https://t.co/xpS6VBcuJ9","1909031003357663542","https://pbs.twimg.com/amplify_video_thumb/1909030946982027264/img/NknuNobQZ0SBbNR8.jpg","","en","","3","30","99","https://x.com/undefined/status/1909031003357663542","1457867047334031360",
"1883082175651643759","Sat Jan 25 09:19:11 +0000 2025","452","Four female Israeli soldiers held in Gaza handed to Red Cross in second hostage release of ceasefire deal https://t.co/xwBQFsbMgx","1883082175651643759","","","en","","19","158","84","https://x.com/undefined/status/1883082175651643759","5402612",
"1909032215435952156","Sun Apr 06 23:55:22 +0000 2025","3","President Macron's 48-hour Cairo visit includes talks on Gaza a summit with Jordan's King Abdullah and a visit to the Grand Egyptian Museum ‚§µÔ∏è https://t.co/IH294QgUyk","1909032215435952156","","","en","","0","0","0","https://x.com/undefined/status/1909032215435952156","2380259108",
"1886941153896923293","Wed Feb 05 00:53:23 +0000 2025","366","President Trump suggests the US could take over Gaza in joint news conference with Israeli PM Netanyahu Follow live https://t.co/ssAr2J4KNP","1886941153896923293","","","en","","60","281","100","https://x.com/undefined/status/1886941153896923293","5402612",
"1880861693510635813","Sun Jan 19 09:21:33 +0000 2025","222","Ceasefire goes into force in Gaza after delay over list of first Israeli hostages to be freed by Hamas https://t.co/5cMdbVn0Cz","1880908445483954371","","BBCBreaking","en","","11","35","74","https://x.com/undefined/status/1880908445483954371","5402612",
"1883773853857423643","Mon Jan 27 07:07:40 +0000 2025","280","Thousands of Palestinians begin returning to north Gaza after deal is reached to free Israeli hostages - follow live https://t.co/DVh939uXOD","1883773853857423643","","","en","","7","92","69","https://x.com/undefined/status/1883773853857423643","5402612",
"1909030988895711344","Sun Apr 06 23:50:30 +0000 2025","363","Breaking | A devastating airstrike by Israeli forces has targeted a journalists' tent near Nasser Hospital in Khan Younis southern Gaza resulting in multiple deaths and injuries https://t.co/mGajcToILk","1909030988895711344","https://pbs.twimg.com/ext_tw_video_thumb/1909030849095282688/pu/img/Mr0tUYP38r76D15f.jpg","","en","","17","14","360","https://x.com/undefined/status/1909030988895711344","524869533",
"1909028394454376624","Sun Apr 06 23:40:11 +0000 2025","7","#Gaza ceasefire collapse: UNRWA https://t.co/oTznlEFLlr","1909028394454376624","","","en","","0","0","2","https://x.com/undefined/status/1909028394454376624","81136269",
"1884876856303784136","Thu Jan 30 08:10:36 +0000 2025","216","First of three Israeli hostages to be released by Hamas on Thursday handed over to Red Cross in Gaza - follow live https://t.co/zgpnSNUKnA","1884876856303784136","","","en","","2","60","45","https://x.com/undefined/status/1884876856303784136","5402612",
"1880999120782897497","Sun Jan 19 17:34:40 +0000 2025","157","Photo shows British-Israeli hostage Emily Damari reunited with her mother for the first time since being released from Gaza - follow live: https://t.co/D8SG2uK5eK","1881032540259242189","","BBCBreaking","en","","3","47","27","https://x.com/undefined/status/1881032540259242189","5402612",
"1902119096042262839","Fri Apr 04 02:14:42 +0000 2025","4","@alex_oren98975 It's your luck day. The total footage from Oct 7 is around 0.02% of the total footage we collected in total from Gaza. I know because I submitted it to the ICC in full. Here's 80 000 raw videos of mostly children and women being killed by Israel. https://t.co/QAfjmBE6BC Also ","1907980112706117990","","alex_oren98975","en","","0","0","0","https://x.com/undefined/status/1907980112706117990","1841113170229776389",
"1908391319115870337","Sun Apr 06 02:00:07 +0000 2025","1","@Beehiveursel Because the PCRS isn't a British NGO and even if it was Gaza is not considered behind enemy lines it's just a city.","1908701218362229191","","Beehiveursel","en","","0","3","0","https://x.com/undefined/status/1908701218362229191","1841113170229776389",
"1880861693510635813","Sun Jan 19 08:50:31 +0000 2025","116","Hamas releases names of three Israeli hostages to be released after delay postponed start of Gaza ceasefire https://t.co/76iIp2msDD","1880900636440727700","","BBCBreaking","en","","5","25","36","https://x.com/undefined/status/1880900636440727700","5402612",
"1909032430482206930","Sun Apr 06 23:56:14 +0000 2025","32","Another Palestinian journalist killed in Israeli airstrike in Khan Yunis southern Gaza https://t.co/OFM0TIeZa1","1909032430482206930","https://pbs.twimg.com/media/Gn4-3_QXMAE_lwX.jpg","","en","","1","2","22","https://x.com/undefined/status/1909032430482206930","1283612738821009408",
"1909022641756811529","Sun Apr 06 23:40:16 +0000 2025","28","I suspect Ukraine Yemen and Gaza could be drawn out for this reason. A prolonged war is the ultimate Keynesian stimulus package. Especially in Yemen and Gaza. It is prolonging suffering to show strength maintain a strategic advantage and keep economies from failing.","1909028414436119038","","pplsartofwar","en","","0","1","1","https://x.com/undefined/status/1909028414436119038","1231585921696321537",
"1909032553488458086","Sun Apr 06 23:56:43 +0000 2025","117"," Israeli fighter jets launch a series of airstrikes targeting the northern areas of Deir Al-Balah city central Gaza Strip following the launch of 10 rockets from there. #HamasNazis","1909032553488458086","","","en","","0","0","7","https://x.com/undefined/status/1909032553488458086","2373174403",
"1908391319115870337","Sun Apr 06 01:56:59 +0000 2025","2","@Beehiveursel Why not? Churches in Gaza have tons of crosses and Palestinian Christians have no problem. Wtf are you talking about?","1908700433381568677","","Beehiveursel","en","","0","0","0","https://x.com/undefined/status/1908700433381568677","1841113170229776389",
"1908391319115870337","Sun Apr 06 01:46:09 +0000 2025","4","@Beehiveursel Oh then the answer is because they operate many offices hospitals and musical outposts in Gaza. As does the UN. This is normal stuff they rescue people everyday","1908697703615263080","","Beehiveursel","en","","0","1","0","https://x.com/undefined/status/1908697703615263080","1841113170229776389",
"1909007628232982676","Sun Apr 06 23:48:50 +0000 2025","0","@mr_mrmt085 @jacksonhinklle @MrMrmt Jackson Hinkle likely believes Netanyahu belongs in prison due to an ICC arrest warrant issued in Nov 2024 for alleged war crimes and crimes against humanity in Gaza like starvation as a warfare method and murder. Hinkle s post aligns with his critical stance on https://t.co/SmUffrTnmI","1909030569150656942","https://pbs.twimg.com/media/GnglrksaEAAR7NE.jpg","mr_mrmt085","en","","0","0","0","https://x.com/undefined/status/1909030569150656942","1720665183188922368",
"1908962896123748499","Sun Apr 06 19:21:08 +0000 2025","0","@seqrity9 Nope Israel https://t.co/Xftu0SfHnR","1908963199799419087","","seqrity9","en","","0","0","0","https://x.com/undefined/status/1908963199799419087","1841113170229776389",
"1909025705972605104","Sun Apr 06 23:29:30 +0000 2025","16"," We had prepared a beautiful room for him a warm bed a home filled with safety and calm. Instead he was born into a life of exile Ô∏è Opinion by Shaimaa al-Durra https://t.co/xhKhWz0kea","1909025705972605104","","","en","","0","0","12","https://x.com/undefined/status/1909025705972605104","2373735295",
"1909032766479474966","Sun Apr 06 23:57:34 +0000 2025","71","Breaking | A journalist was killed and several others were injured after an Israeli airstrike hit a tent at Nasser Hospital in Khan Younis southern Gaza https://t.co/xHlhnVGPTS","1909032766479474966","https://pbs.twimg.com/media/Gn4_LdQXUAIDpR-.jpg","","en","","1","2","57","https://x.com/undefined/status/1909032766479474966","524869533",
"1908391319115870337","Sun Apr 06 19:21:39 +0000 2025","0","@lautarivier @PhilPh62467 @ChantalCla40959 Not even the IDF claims that. You lie https://t.co/Xftu0Sgfdp","1908963329449804235","","lautarivier","en","","0","1","0","https://x.com/undefined/status/1908963329449804235","1841113170229776389",
"1908391319115870337","Sun Apr 06 19:20:45 +0000 2025","0","@BryceMonzon @mujahid_gaza24 @Sherko8827 @DostoNeko No this has been thoroughly investigated and even Israel admits it https://t.co/Xftu0Sgfdp","1908963105952174320","","BryceMonzon","en","","0","1","0","https://x.com/undefined/status/1908963105952174320","1841113170229776389",
"1908541078543950047","Sun Apr 06 23:57:55 +0000 2025","1","@majerve92 @hipdude88 @EYakoby @YisraelOfficial If we didn t exclude those who left Gaza the population wouldn t drop by 160k since Oct 7 2023. With ~55k births and ~55k deaths it d stay near 2.2M not 2.1M. Emigration (100k) drives the big decline without it natural change is near zero. Exact numbers vary due to conflict","1909032857491677635","","majerve92","en","","0","1","0","https://x.com/undefined/status/1909032857491677635","1720665183188922368",
"1908668299124093419","Sun Apr 06 23:49:01 +0000 2025","0","@dragonball1488 @gghamari Israel s inclusion as a terrorist group is unconventional as it s a state not a non-state actor like those I listed. The genocide debate in Gaza is polarizing some like Amnesty see evidence; others like the AJC call it self-defense. US aid ($3.8B/year + $14B in 2024) fuels","1909030617150259417","","DragonFren83","en","","0","0","0","https://x.com/undefined/status/1909030617150259417","1720665183188922368",
"1909016684540657786","Sun Apr 06 23:51:14 +0000 2025","0","@JeanloLOUIS @SilentlySirs Based on my analysis the claim about General John Pagri's death in Gaza appears to be fake news. There's no record of him or a Special Tasks Battalion in the U.S. Army and no credible sources confirm this event. The image's watermarks also suggest it s from an unverified https://t.co/NiduzaSAro","1909031175164657841","https://pbs.twimg.com/media/Gmq54W5a0AAZoCX.jpg","JeanloLOUIS","en","","0","0","0","https://x.com/undefined/status/1909031175164657841","1720665183188922368",
"1909032639069323292","Sun Apr 06 23:57:03 +0000 2025","2","Palestinian militant group Hamas said it fired a barrage of rockets at cities in Israel's south on Sunday in response to Israeli massacres of civilians in Gaza. Click the photo to read more: https://t.co/i0DJyc7hvn","1909032639069323292","","","en","","0","0","0","https://x.com/undefined/status/1909032639069323292","39453212",
